sample,AGS (bp),AGS (Mbp),total_bases,genome_equivalents,group
SRR12480278,1403027.247,1.403027247,7392280,5.268807155,Marine
SRR12480036,1996757.865,1.996757865,11009251,5.513563357,Marine
SRR12479751,1951578.62,1.95157862,11353546,5.817621634,Marine
SRR12480352,2246781.82,2.24678182,13351413,5.942460848,Marine
SRR13122248,2047959.475,2.047959475,12798652,6.249465458,Marine
SRR12480019,1805296.745,1.805296745,11574892,6.411628466,Marine
SRR12479794,1410081.192,1.410081192,9486345,6.727516865,Marine
SRR13122050,2515707.157,2.515707157,17283467,6.870222138,Marine
SRR12479911,2256902.967,2.256902967,15843309,7.019933615,Marine
SRR12480142,1382204.277,1.382204277,10446119,7.557579709,Marine
SRR13122107,2924355.171,2.924355171,22723275,7.770354035,Marine
SRR12479776,2498073.856,2.498073856,19410960,7.77037074,Marine
SRR12480031,1836987.325,1.836987325,14489040,7.887392473,Marine
ERR318619,1441435.241,1.441435241,11546113,8.010150352,Marine
SRR12479693,1711412.858,1.711412858,14029215,8.197446302,Marine
SRR13122117,1322202.497,1.322202497,10999876,8.319358057,Marine
SRR12480303,2179883.02,2.17988302,18363647,8.424143328,Marine
SRR12480339,1496829.708,1.496829708,13196233,8.816121788,Marine
SRR12479976,2073952.575,2.073952575,18302414,8.824895139,Marine
SRR12479910,2357486.301,2.357486301,20870545,8.852880709,Marine
SRR13122284,1450003.957,1.450003957,12942122,8.925577019,Marine
SRR12479945,2211544.448,2.211544448,20045770,9.064149724,Marine
ERR318621,1267604.022,1.267604022,11644531,9.186252802,Marine
SRR13122263,2108643.266,2.108643266,19593876,9.292172039,Marine
SRR12479728,2342969.705,2.342969705,21958986,9.372287637,Marine
SRR12479943,1842605.876,1.842605876,17520733,9.508670971,Marine
SRR12480179,1792011.548,1.792011548,17510943,9.771668614,Marine
SRR12480289,2194069.613,2.194069613,21736117,9.906758142,Marine
SRR12480263,2151619.976,2.151619976,21323761,9.910560992,Marine
SRR13122115,1848170.127,1.848170127,18840798,10.19429852,Marine
SRR13122141,1499939.086,1.499939086,15351960,10.23505564,Marine
SRR12479648,2039930.124,2.039930124,20912583,10.25161732,Marine
SRR12479755,2264378.651,2.264378651,23631274,10.43609645,Marine
SRR13122143,2185019.104,2.185019104,22812369,10.4403522,Marine
SRR13122133,2024642.333,2.024642333,21194096,10.46806918,Marine
SRR12479744,1785068.568,1.785068568,19272336,10.79641216,Marine
SRR12479650,1455642.117,1.455642117,15909199,10.92933408,Marine
ERR599010,2793787.046,2.793787046,30986697,11.09128809,Marine
SRR13122142,2458097.346,2.458097346,27602801,11.22933599,Marine
SRR13122237,2201333.273,2.201333273,24777453,11.25565734,Marine
SRR12479825,2361175.367,2.361175367,26618685,11.2734892,Marine
SRR12479647,1623522.992,1.623522992,18523863,11.40967088,Marine
SRR13122104,2407265.786,2.407265786,27486040,11.41794984,Marine
SRR12479915,2983212.793,2.983212793,34253573,11.48210851,Marine
SRR13122040,2185407.268,2.185407268,25144155,11.50547789,Marine
SRR12480134,1426373.765,1.426373765,16475077,11.55032251,Marine
SRR12479904,3275076.383,3.275076383,37850790,11.55722358,Marine
SRR12479679,1741069.633,1.741069633,21329300,12.2506875,Marine
SRR12479712,1960875.57,1.96087557,24056990,12.26849391,Marine
SRR12480130,2168426.273,2.168426273,26775374,12.34783693,Marine
SRR13122268,2284418.609,2.284418609,28245676,12.36449217,Marine
SRR13122184,1814049.363,1.814049363,22493801,12.39977338,Marine
SRR13122198,1865938.719,1.865938719,23670233,12.68542893,Marine
SRR13122243,2511248.354,2.511248354,32221125,12.8307202,Marine
SRR12479746,1895852.976,1.895852976,24432726,12.88745821,Marine
SRR13122283,1761502.595,1.761502595,23180416,13.15945606,Marine
SRR12479929,2108278.655,2.108278655,27751225,13.16297773,Marine
SRR12480269,2723379.216,2.723379216,36264641,13.3160453,Marine
SRR12479727,2329218.426,2.329218426,31068531,13.33860777,Marine
SRR12479923,2303223.701,2.303223701,30728405,13.34147655,Marine
SRR13122281,2026156.955,2.026156955,27203378,13.4260961,Marine
SRR12479987,1497097.171,1.497097171,20111619,13.43374324,Marine
SRR12479944,2019186.156,2.019186156,27300612,13.52060181,Marine
SRR12480280,1812773.565,1.812773565,24568700,13.55309922,Marine
SRR12479902,2841943.117,2.841943117,38603058,13.58333239,Marine
SRR13122177,2167304.487,2.167304487,29809900,13.75436639,Marine
SRR12479862,1737457.57,1.73745757,24100571,13.87117096,Marine
SRR12480064,2405119.976,2.405119976,33428664,13.89895903,Marine
SRR12479903,1714880.679,1.714880679,23901509,13.93770965,Marine
SRR13122037,1415091.779,1.415091779,19845542,14.02420839,Marine
SRR13122202,2014046.858,2.014046858,28320119,14.06130095,Marine
SRR12479853,1850740.868,1.850740868,26579193,14.36138006,Marine
SRR12479912,3124517.779,3.124517779,45841780,14.67163359,Marine
SRR13122276,1989158.711,1.989158711,29204451,14.68181037,Marine
SRR13153409,3284459.7,3.2844597,48935640,14.8991446,Marine
SRR13122114,1778289.901,1.778289901,26503313,14.90382023,Marine
SRR12480250,1931583.158,1.931583158,28805684,14.91299191,Marine
SRR12480101,1594916.497,1.594916497,23975725,15.03258951,Marine
SRR13122161,1441504.238,1.441504238,21734403,15.07758523,Marine
SRR13122041,2011426.103,2.011426103,30479400,15.15312939,Marine
ERR599155,2691998.678,2.691998678,41014964,15.23587821,Marine
SRR12479913,2190715.467,2.190715467,33719774,15.39212851,Marine
SRR13122109,2270438.151,2.270438151,35249992,15.52563411,Marine
SRR13122207,2499126.627,2.499126627,39667252,15.87244583,Marine
SRR13122261,2308079.243,2.308079243,36656228,15.88170255,Marine
SRR13122179,2189028.489,2.189028489,34819932,15.90656868,Marine
SRR12479764,2076404.859,2.076404859,33097449,15.93978595,Marine
SRR12479916,2569942.979,2.569942979,41056168,15.97551709,Marine
SRR12480054,1879908.111,1.879908111,30832860,16.4012591,Marine
SRR12479817,2127368.303,2.127368303,34925087,16.41703834,Marine
SRR12480086,1980999.941,1.980999941,32593161,16.45288338,Marine
SRR12479935,1896244.876,1.896244876,32017149,16.88450126,Marine
SRR12479905,2302164.893,2.302164893,38931714,16.91091464,Marine
SRR13122182,1881653.596,1.881653596,31823586,16.91256354,Marine
SRR13122091,2066081.324,2.066081324,35371383,17.12003424,Marine
SRR12479909,1908276.022,1.908276022,32691688,17.13153004,Marine
SRR12480287,1911668.841,1.911668841,32768126,17.14111006,Marine
SRR12480044,1911744.623,1.911744623,32790088,17.15191852,Marine
SRR12479922,2013997.073,2.013997073,34687034,17.22298134,Marine
SRR13122201,2009876.908,2.009876908,34771359,17.30024304,Marine
SRR12480143,2256051.63,2.25605163,39055317,17.3113578,Marine
SRR13153362,4292512.994,4.292512994,74458898,17.34622542,Marine
SRR12479937,1974851.486,1.974851486,34290190,17.36342719,Marine
SRR13122124,1472425.583,1.472425583,25633645,17.4091277,Marine
SRR13153530,3987226.841,3.987226841,70015093,17.55984693,Marine
SRR12479918,1761764.175,1.761764175,31161265,17.68753471,Marine
SRR12480295,2183530.582,2.183530582,38936904,17.83208549,Marine
SRR12480053,1855249.069,1.855249069,33320961,17.96037069,Marine
SRR12479982,1832890.21,1.83289021,33136689,18.07892738,Marine
SRR12479821,2212829.441,2.212829441,40018734,18.08487055,Marine
SRR12480299,2371873.022,2.371873022,43027211,18.14060474,Marine
SRR12479926,2320626.515,2.320626515,42279544,18.21902134,Marine
SRR12480334,2039360.956,2.039360956,37212894,18.2473308,Marine
SRR13122134,1820099.893,1.820099893,33383082,18.34134606,Marine
SRR12479967,1961634.898,1.961634898,35991109,18.34750648,Marine
SRR13122206,2047203.808,2.047203808,37743263,18.43649511,Marine
SRR12480330,2148404.627,2.148404627,39701313,18.47943935,Marine
SRR12479956,1831639.578,1.831639578,33908532,18.51266614,Marine
SRR13122108,2479896.546,2.479896546,46074679,18.57927464,Marine
SRR13122274,2040417.435,2.040417435,38355904,18.79806718,Marine
SRR12480283,2051576.98,2.05157698,38780809,18.90292656,Marine
SRR12479797,2206330.722,2.206330722,42311319,19.1772333,Marine
SRR12479670,2246509.693,2.246509693,43257624,19.25548069,Marine
SRR12480259,2289468.954,2.289468954,44614140,19.48667612,Marine
SRR13122249,3117218.284,3.117218284,61006901,19.57094288,Marine
SRR13122153,2430950.816,2.430950816,47807957,19.66636128,Marine
SRR12480291,2354195.705,2.354195705,46437541,19.72543782,Marine
SRR12480333,2176742.33,2.17674233,43047986,19.77633521,Marine
SRR12479690,2339822.267,2.339822267,46650714,19.93771692,Marine
SRR12479925,2094535.296,2.094535296,41761890,19.93849904,Marine
SRR13122282,2629177.844,2.629177844,52844346,20.09919037,Marine
SRR13122064,2340737.752,2.340737752,47326901,20.21879681,Marine
SRR12480165,1590339.76,1.59033976,32181717,20.2357495,Marine
SRR12479655,2097645.195,2.097645195,43098468,20.5461191,Marine
SRR12480052,2295438.97,2.29543897,47168792,20.54892011,Marine
SRR13122183,1951372.995,1.951372995,40386406,20.6964051,Marine
SRR13122140,2323987.465,2.323987465,48369159,20.81300339,Marine
SRR13122087,2186161.627,2.186161627,45621738,20.86841953,Marine
SRR12480306,1762548.727,1.762548727,36939007,20.95772243,Marine
SRR12479981,1790109.958,1.790109958,37727255,21.07538413,Marine
SRR12479962,2306033.026,2.306033026,48719498,21.12697323,Marine
SRR12480256,2104981.822,2.104981822,45039517,21.3966299,Marine
SRR13122089,1901890.101,1.901890101,41032564,21.5746241,Marine
SRR12480103,2511191.301,2.511191301,54238257,21.59861615,Marine
SRR12479800,1950130.732,1.950130732,42367376,21.72540297,Marine
SRR12479784,2121374.898,2.121374898,46390325,21.86804655,Marine
SRR12480281,1986911.413,1.986911413,43575413,21.93123091,Marine
SRR12479773,2090967.35,2.09096735,45895171,21.94925282,Marine
SRR12479795,1887108.677,1.887108677,41455002,21.96746934,Marine
SRR12480085,2011516.985,2.011516985,44326134,22.03617187,Marine
SRR12479939,2005921.847,2.005921847,44445501,22.15714489,Marine
SRR13122180,1949637.251,1.949637251,43407203,22.26424582,Marine
SRR12479864,1781286.829,1.781286829,39765597,22.32408412,Marine
SRR12479841,2348882.722,2.348882722,52759387,22.46148201,Marine
SRR12479873,2007635.853,2.007635853,45124335,22.47635444,Marine
SRR12479742,1862664.186,1.862664186,42134254,22.62042419,Marine
SRR13122265,2592654.836,2.592654836,58916301,22.72431339,Marine
SRR12480310,2026766.923,2.026766923,46067075,22.72934025,Marine
ERR599022,2457872.453,2.457872453,56018677,22.79153133,Marine
SRR13122245,2420315.709,2.420315709,55184042,22.80034864,Marine
SRR13122132,1975663.224,1.975663224,45111337,22.83351558,Marine
SRR12479804,2077982.459,2.077982459,47459123,22.83903927,Marine
SRR12480097,2105956.655,2.105956655,48134818,22.85650937,Marine
SRR12480242,1808870.23,1.80887023,41528709,22.95836833,Marine
SRR12479772,2178575.722,2.178575722,50341299,23.10743597,Marine
SRR12479820,2009663.432,2.009663432,46638746,23.2072422,Marine
SRR12479914,2728351.691,2.728351691,63685126,23.34197831,Marine
SRR12479827,2353063.413,2.353063413,55138818,23.4327803,Marine
SRR12480075,2180079.282,2.180079282,51244205,23.5056612,Marine
SRR12480154,2187641.289,2.187641289,51801631,23.67921618,Marine
SRR12479826,2446198.851,2.446198851,58344559,23.85111045,Marine
SRR12479819,2174069.174,2.174069174,53035145,24.3944147,Marine
SRR12479997,3321115.345,3.321115345,81218105,24.45506902,Marine
ERR599135,2574812.322,2.574812322,63419008,24.63053615,Marine
ERR598945,3692027.237,3.692027237,91192182,24.69975873,Marine
SRR12479747,2283934.177,2.283934177,56477685,24.72824549,Marine
SRR12480065,2214976.674,2.214976674,55466073,25.04138019,Marine
SRR13153407,3096048.75,3.09604875,77763021,25.11685935,Marine
SRR12479702,1744180.757,1.744180757,43873312,25.1541085,Marine
ERR598969,2929496.625,2.929496625,73794107,25.1900297,Marine
SRR12479917,2316539.939,2.316539939,59070531,25.49946582,Marine
ERR599011,2915085.269,2.915085269,74872691,25.68456292,Marine
SRR12480004,2269583.327,2.269583327,58350685,25.70986679,Marine
ERR598943,2080168.89,2.08016889,54119409,26.01683414,Marine
ERR4691676,8058205.959,8.058205959,211414334,26.23590599,Marine
SRR12479978,1988807.086,1.988807086,52842642,26.57001897,Marine
SRR13122038,1981649.261,1.981649261,52798305,26.64361753,Marine
SRR12479701,2232370.63,2.23237063,59624797,26.7091836,Marine
SRR13122239,1867486.679,1.867486679,49944685,26.74433266,Marine
SRR12479921,2008824.91,2.00882491,53976021,26.86945026,Marine
SRR12479657,2128408.344,2.128408344,58003540,27.25207321,Marine
SRR12479651,2134159.532,2.134159532,58503614,27.41295256,Marine
SRR12479894,1677638.388,1.677638388,46095968,27.47670077,Marine
SRR12479664,2111955.887,2.111955887,59266380,28.06231908,Marine
ERR2762133,7883453.195,7.883453195,221718714,28.12456781,Marine
SRR12479756,2137543.666,2.137543666,61241911,28.65060114,Marine
SRR12480073,1972959.282,1.972959282,57280266,29.03266506,Marine
SRR12480362,2391243.333,2.391243333,69496390,29.06286827,Marine
SRR12480152,2213806.45,2.21380645,64773223,29.25875611,Marine
SRR13122036,1988432.108,1.988432108,58355473,29.34748075,Marine
SRR12479972,2162044.957,2.162044957,63660737,29.44468698,Marine
SRR12480088,2155641.545,2.155641545,63520706,29.46719326,Marine
SRR13122157,2012897.119,2.012897119,59419636,29.51946,Marine
SRR12479984,1527226.464,1.527226464,45606760,29.86247362,Marine
SRR12480155,2146851.377,2.146851377,64332813,29.96612326,Marine
SRR12480096,1944010.906,1.944010906,58789394,30.24128816,Marine
SRR12479933,2398498.257,2.398498257,73234674,30.53355315,Marine
SRR12479654,1743841.905,1.743841905,53587640,30.72964347,Marine
SRR12479866,2016328.097,2.016328097,62314259,30.90482104,Marine
SRR12480098,1999018.509,1.999018509,61951569,30.99099319,Marine
SRR12479777,2587253.75,2.58725375,80444893,31.09277279,Marine
SRR13122264,2329264.479,2.329264479,74029314,31.78227061,Marine
SRR12479986,1710462.589,1.710462589,55158741,32.24784999,Marine
SRR13122172,1656988.141,1.656988141,53453560,32.25947047,Marine
ERR599129,2996142.461,2.996142461,96713541,32.27935328,Marine
SRR12479983,1814706.901,1.814706901,59043852,32.53630213,Marine
SRR13122139,1891799.988,1.891799988,62156232,32.85560439,Marine
ERR599098,2681511.122,2.681511122,88607052,33.0437011,Marine
SRR12480089,1969421.741,1.969421741,65320107,33.16715036,Marine
ERR598952,2052035.739,2.052035739,68163120,33.2173162,Marine
SRR12480315,2607407.533,2.607407533,87368796,33.5079173,Marine
SRR12479971,2007647.177,2.007647177,67589755,33.66615198,Marine
SRR12479985,1535739.064,1.535739064,51908984,33.80065352,Marine
SRR12480209,2452953.028,2.452953028,83398189,33.99909744,Marine
SRR12479980,1939333.159,1.939333159,66316894,34.19572017,Marine
SRR12480319,1866030.767,1.866030767,66530260,35.6533564,Marine
ERR599158,3129260.51,3.12926051,112005020,35.7928078,Marine
SRR13122266,2516954.854,2.516954854,90417376,35.92332054,Marine
SRR13122203,1776806.884,1.776806884,65416946,36.81713899,Marine
SRR12479919,2730314.369,2.730314369,100962236,36.97824586,Marine
SRR12479974,1777119.971,1.777119971,65873776,37.06771466,Marine
SRR12479991,1479241.393,1.479241393,54902212,37.11511337,Marine
SRR13122278,2468634.442,2.468634442,92346341,37.40786382,Marine
SRR12480090,1846431.89,1.84643189,69096504,37.42163703,Marine
ERR599141,2442804.36,2.44280436,91758302,37.56268963,Marine
SRR12480091,1967977.053,1.967977053,75080101,38.15090267,Marine
SRR12480236,2198035.56,2.19803556,84096608,38.2598942,Marine
SRR12479897,2175540.09,2.17554009,83979302,38.6015879,Marine
ERR599116,2663422.487,2.663422487,102856551,38.61818825,Marine
SRR13153358,3169743.191,3.169743191,122430077,38.62460446,Marine
SRR12480237,2157604.629,2.157604629,83433255,38.66939007,Marine
SRR12479723,2124903.061,2.124903061,82302582,38.73239374,Marine
SRR12479975,1838825.002,1.838825002,71245197,38.74495775,Marine
SRR12479796,2293848.123,2.293848123,89127124,38.85484968,Marine
SRR13122127,1912780.644,1.912780644,74646992,39.02538026,Marine
SRR12479805,2339461.317,2.339461317,92378365,39.48702392,Marine
SRR12479734,2151946.54,2.15194654,85424834,39.69654098,Marine
SRR12479906,2123919.714,2.123919714,86635780,40.79051549,Marine
ERR598949,2860954.86,2.86095486,116937129,40.87346173,Marine
ERR599090,6195702.935,6.195702935,255696769,41.27001757,Marine
SRR12480079,2269773.45,2.26977345,94985878,41.84817565,Marine
SRR12480298,2092078.814,2.092078814,88600005,42.35022333,Marine
SRR13122195,2138151.742,2.138151742,90638679,42.39113493,Marine
ERR599045,2210210.1,2.2102101,94018885,42.53843786,Marine
SRR12480361,2346620.022,2.346620022,102853084,43.83031042,Marine
ERR598997,2218670.372,2.218670372,100423491,45.26291615,Marine
SRR13122166,2177629.387,2.177629387,99091970,45.50451541,Marine
ERR599088,2296629.775,2.296629775,108050201,47.04728736,Marine
SRR12479814,2653530.867,2.653530867,125792720,47.40578735,Marine
ERR599003,2008349.862,2.008349862,97750989,48.67229105,Marine
ERR599172,3175176.78,3.17517678,158723291,49.9888044,Marine
ERR598970,2178934.873,2.178934873,109696856,50.34425644,Marine
SRR12480297,2105401.512,2.105401512,107033016,50.83734166,Marine
ERR2762132,9165424.952,9.165424952,479856602,52.35508495,Marine
SRR12480112,2347335.191,2.347335191,126325164,53.81641467,Marine
ERR598966,2635916.397,2.635916397,142506401,54.06332354,Marine
ERR599063,2100305.376,2.100305376,116527458,55.48119781,Marine
ERR4691681,5021429.593,5.021429593,283249957,56.40823032,Marine
ERR599126,2961230.852,2.961230852,167453766,56.54870369,Marine
ERR598950,2098878.085,2.098878085,121256763,57.77218022,Marine
ERR599035,3404678.915,3.404678915,197565234,58.02756705,Marine
ERR599137,2544093.885,2.544093885,149745810,58.86017449,Marine
ERR598959,2358232.454,2.358232454,142136368,60.27241622,Marine
ERR1701760,3958653.532,3.958653532,238813588,60.32697382,Marine
SRR12480076,2146947.504,2.146947504,131688252,61.33743455,Marine
ERR599059,6218372.025,6.218372025,387632470,62.33664832,Marine
ERR599080,2745945.024,2.745945024,172001532,62.63837421,Marine
ERR599120,1883458.335,1.883458335,121049743,64.26993405,Marine
ERR599036,2681017.377,2.681017377,172926999,64.50051405,Marine
ERR599134,2305713.731,2.305713731,149794922,64.96683434,Marine
ERR598951,2106994.629,2.106994629,137805240,65.40369782,Marine
ERR598973,2095732.983,2.095732983,137684716,65.69764235,Marine
ERR599066,2567082.866,2.567082866,169420750,65.99738258,Marine
ERR599068,1920148.955,1.920148955,128142363,66.73563667,Marine
ERR599069,2639090.58,2.63909058,177176252,67.13534327,Marine
ERR599142,2211216.273,2.211216273,148589107,67.19790768,Marine
ERR599151,2490358.11,2.49035811,170748986,68.56402913,Marine
ERR598994,2920172.231,2.920172231,200317817,68.597946,Marine
ERR599051,2908519.165,2.908519165,204617960,70.35125037,Marine
ERR599009,3906643.3,3.9066433,275357016,70.48429939,Marine
ERR599114,2366034.564,2.366034564,170120567,71.90113349,Marine
ERR599147,3206805.829,3.206805829,232028272,72.35494894,Marine
ERR599164,2686881.13,2.68688113,196840250,73.25975378,Marine
ERR599102,3198422.975,3.198422975,235086794,73.50084583,Marine
ERR599144,2788508.462,2.788508462,205614372,73.73632709,Marine
ERR599119,2334315.866,2.334315866,172437187,73.87054577,Marine
ERR599167,3736402.172,3.736402172,289728399,77.54208076,Marine
ERR599143,3009177.275,3.009177275,242540248,80.60018599,Marine
SRR13122137,2134891.308,2.134891308,177804329,83.28495618,Marine
ERR598954,1999337.835,1.999337835,169512423,84.78428211,Marine
ERR599169,2409953.062,2.409953062,209667933,87.00083679,Marine
ERR598991,2741141.492,2.741141492,248331280,90.59411223,Marine
SRR12479745,2247007.206,2.247007206,205305127,91.36825483,Marine
ERR315859,2270581.762,2.270581762,214792141,94.59784475,Marine
ERR599006,2862496.072,2.862496072,272908441,95.33932418,Marine
ERR599049,2736904.984,2.736904984,263512622,96.28124597,Marine
ERR598984,3849120.252,3.849120252,381344172,99.07307307,Marine
ERR598956,2219309.847,2.219309847,220749340,99.46756208,Marine
ERR315861,2019207.295,2.019207295,203931769,100.9959549,Marine
ERR315858,1954415.19,1.95441519,203716939,104.234218,Marine
ERR598947,2833331.322,2.833331322,301505049,106.4136222,Marine
ERR599057,2689908.709,2.689908709,303176614,112.708886,Marine
ERR315862,3444963.013,3.444963013,392530460,113.9433017,Marine
ERR599145,4134109.651,4.134109651,473479753,114.5300423,Marine
ERR599093,1797062.254,1.797062254,208779921,116.1784577,Marine
ERR599054,3048752.204,3.048752204,355597195,116.636962,Marine
ERR599012,2932956.873,2.932956873,347724385,118.5576195,Marine
ERR599058,3110763.541,3.110763541,383994207,123.4405,Marine
ERR599075,2778348.178,2.778348178,344652610,124.0494668,Marine
ERR599132,2834415.202,2.834415202,355154150,125.3006792,Marine
ERR315863,2552176.671,2.552176671,323686708,126.8277042,Marine
ERR599074,3096061.009,3.096061009,413160058,133.4470014,Marine
ERR599106,2884520.345,2.884520345,389021936,134.8653812,Marine
ERR598960,3034759.787,3.034759787,415362663,136.8683824,Marine
ERR599038,2814406.66,2.81440666,387957788,137.847097,Marine
ERR599064,3202301.843,3.202301843,447511601,139.7468518,Marine
ERR599118,2984587.091,2.984587091,441101062,147.792994,Marine
ERR599039,2810416.815,2.810416815,416398881,148.1626778,Marine
ERR598978,2716099.512,2.716099512,415359600,152.9250303,Marine
ERR598992,2633627.48,2.63362748,410454321,155.8513207,Marine
ERR599162,3410297.97,3.41029797,531921577,155.975103,Marine
ERR599150,2563671.43,2.56367143,401741239,156.705432,Marine
ERR599138,2321841.295,2.321841295,369810279,159.2745722,Marine
ERR599160,3200081.027,3.200081027,514347569,160.7295455,Marine
ERR599133,2316541.069,2.316541069,380640624,164.3142136,Marine
ERR598946,2788332.087,2.788332087,459817894,164.9078659,Marine
ERR599030,2506195.409,2.506195409,436588229,174.2035866,Marine
ERR599163,2231577.99,2.23157799,401326740,179.8398899,Marine
ERR598963,2646939.377,2.646939377,490798176,185.4210113,Marine
ERR598942,3600763.845,3.600763845,669093034,185.819749,Marine
ERR318618,2137035.391,2.137035391,397235165,185.8814162,Marine
ERR599078,2604338.478,2.604338478,491577284,188.7532239,Marine
ERR599043,2772796.985,2.772796985,544458183,196.3570308,Marine
ERR318620,2059860.956,2.059860956,407934766,198.0399526,Marine
ERR599024,2320139.293,2.320139293,460411081,198.4411377,Marine
ERR599029,2831776.934,2.831776934,566060153,199.8957425,Marine
ERR598955,2562516.058,2.562516058,517220940,201.8410532,Marine
ERR599077,2480875.822,2.480875822,510073470,205.602177,Marine
ERR598976,2816320.207,2.816320207,589065657,209.1614638,Marine
ERR599123,2596520.714,2.596520714,558274464,215.0086695,Marine
ERR599136,2490237.364,2.490237364,540131490,216.8996007,Marine
ERR598983,2585892.752,2.585892752,572813126,221.5146493,Marine
ERR598957,2518076.867,2.518076867,567043507,225.1891173,Marine
ERR598993,2390584.555,2.390584555,541646824,226.5750538,Marine
ERR598968,2356810.046,2.356810046,555102668,235.5313569,Marine
ERR599050,2477575.489,2.477575489,673295642,271.7558537,Marine
ERR598958,2425281.597,2.425281597,659411949,271.8908805,Marine
ERR598948,2318962.005,2.318962005,775459810,334.3995324,Marine
ERR4245119,3041912.579,3.041912579,45666177,15.01232393,Soil
ERR4245120,2866237.011,2.866237011,45868576,16.00306459,Soil
ERR671919,3974177.208,3.974177208,196447709,49.43103911,Soil
ERR7672970,4185334.61,4.18533461,132592683,31.68030644,Soil
ERR7672971,3899396.077,3.899396077,153222342,39.29386473,Soil
SRR10127265,4820644.538,4.820644538,184078755,38.18550684,Soil
SRR10159349,4355353.454,4.355353454,184266199,42.3079782,Soil
SRR10159350,4135827.649,4.135827649,569607312,137.7251086,Soil
SRR10260006,4518748.557,4.518748557,170165022,37.65755493,Soil
SRR10260007,3120106.245,3.120106245,128725535,41.25677939,Soil
SRR10260008,5651004.088,5.651004088,276748224,48.97328328,Soil
SRR10489831,4438094.741,4.438094741,305911009,68.92845396,Soil
SRR10489832,3756586.912,3.756586912,257348416,68.50591296,Soil
SRR10861768,3758490.076,3.758490076,87241019,23.21171993,Soil
SRR11613032,6735532.353,6.735532353,1714645154,254.567132,Soil
SRR11719862,4855331.302,4.855331302,108752523,22.39857926,Soil
SRR11719868,3114083.017,3.114083017,71881551,23.08273434,Soil
SRR11719869,3970936.32,3.97093632,57290411,14.42743131,Soil
SRR11719870,4019152.825,4.019152825,76305603,18.98549429,Soil
SRR11719871,4051577.378,4.051577378,88304409,21.79506912,Soil
SRR11719874,4413974.213,4.413974213,75046556,17.00203771,Soil
SRR11719875,4439315.783,4.439315783,115275414,25.96693266,Soil
SRR11719877,5365799.538,5.365799538,97063529,18.08929467,Soil
SRR11723791,4217717.888,4.217717888,92577336,21.94962737,Soil
SRR11802899,3248210.907,3.248210907,36783156,11.32412798,Soil
SRR11802901,5069830.041,5.069830041,112187714,22.12849604,Soil
SRR12030769,3967628.741,3.967628741,22380300,5.640724337,Soil
SRR12030771,2489549.898,2.489549898,14474211,5.813987103,Soil
SRR12087327,3134174.971,3.134174971,32374279,10.32944213,Soil
SRR12087328,2953284.468,2.953284468,32723252,11.08029123,Soil
SRR12087329,2268865.499,2.268865499,32703967,14.41423787,Soil
SRR12087330,2451410.772,2.451410772,32396736,13.21554771,Soil
SRR12087331,3204952.759,3.204952759,31461124,9.816408032,Soil
SRR12087332,3170881.613,3.170881613,31881404,10.05442899,Soil
SRR12087333,3378034.455,3.378034455,31905803,9.445079211,Soil
SRR12087334,2647212.652,2.647212652,32072625,12.11562092,Soil
SRR12102597,2669910.534,2.669910534,19124158,7.162846004,Soil
SRR12170510,4393103.116,4.393103116,669605829,152.4220605,Soil
SRR12170511,4530332.131,4.530332131,537259608,118.59166,Soil
SRR12170519,4355851.252,4.355851252,689952735,158.3967622,Soil
SRR12192804,2465673.27,2.46567327,15140406,6.140475377,Soil
SRR12277192,5120226.644,5.120226644,73820361,14.41740105,Soil
SRR12277193,3994725.753,3.994725753,118654298,29.70273939,Soil
SRR12277194,5741591.085,5.741591085,56981179,9.924283731,Soil
SRR12284406,4139313.688,4.139313688,91196995,22.03191202,Soil
SRR12347813,6141197.283,6.141197283,423764331,69.00353652,Soil
SRR12347814,5117248.682,5.117248682,406325660,79.40314908,Soil
SRR12418372,3163943.222,3.163943222,16023049,5.064265656,Soil
SRR12418385,2155263.675,2.155263675,11536950,5.352918131,Soil
SRR12418386,2194002.822,2.194002822,15545787,7.085582045,Soil
SRR12687298,3972267.918,3.972267918,176521511,44.43847058,Soil
SRR12687299,3817295.022,3.817295022,139167536,36.45710777,Soil
SRR12717688,5768349.083,5.768349083,104103099,18.04729525,Soil
SRR12717696,5155217.234,5.155217234,118838270,23.05203924,Soil
SRR12721341,3954844.596,3.954844596,51791811,13.09578916,Soil
SRR12721342,2278389.846,2.278389846,23259790,10.20887187,Soil
SRR12721343,3141373.13,3.14137313,27611787,8.789718972,Soil
SRR12844111,7423522.553,7.423522553,112182700,15.11178813,Soil
SRR12844112,6011671.537,6.011671537,66216230,11.01461209,Soil
SRR12875366,4866429.951,4.866429951,103784628,21.32664583,Soil
SRR12917089,4506797.438,4.506797438,97560677,21.64745106,Soil
SRR13062007,2724943.378,2.724943378,15149194,5.559452767,Soil
SRR13115018,3723419.138,3.723419138,295492076,79.36041178,Soil
SRR13115019,4381756.628,4.381756628,334781851,76.40357041,Soil
SRR13590451,2727190.481,2.727190481,47691564,17.48743417,Soil
SRR13590452,2798743.987,2.798743987,76533632,27.34570663,Soil
SRR13614379,3631301.465,3.631301465,79052038,21.76961587,Soil
SRR13614380,3925238.817,3.925238817,68052363,17.33712678,Soil
SRR13614381,3588050.323,3.588050323,76951028,21.44647401,Soil
SRR13614382,3305028.195,3.305028195,85226027,25.78677759,Soil
SRR13614383,2960617.243,2.960617243,61060191,20.62414219,Soil
SRR13614384,4383915.608,4.383915608,52038548,11.87033526,Soil
SRR13614385,3404735.192,3.404735192,137645033,40.42752968,Soil
SRR13614386,3180698.186,3.180698186,141269975,44.41476893,Soil
SRR13766241,3337437.476,3.337437476,334800653,100.3166817,Soil
SRR13766251,4546118.184,4.546118184,85467457,18.80009572,Soil
SRR13766252,4566620.829,4.566620829,323005921,70.73193354,Soil
SRR13766253,4687813.247,4.687813247,293585179,62.62731972,Soil
SRR13766273,5830213.941,5.830213941,124865631,21.41698954,Soil
SRR13766274,5516626.72,5.51662672,212779293,38.57054389,Soil
SRR13766276,6676433.301,6.676433301,160424693,24.02850231,Soil
SRR13766277,7003619.898,7.003619898,163815187,23.3900739,Soil
SRR13766278,5343402.318,5.343402318,240377706,44.98588946,Soil
SRR13766279,5263061.945,5.263061945,83871003,15.93578109,Soil
SRR13766281,5268242.031,5.268242031,225578691,42.81858914,Soil
SRR14267048,2775323.79,2.77532379,83087780,29.93804913,Soil
SRR14267055,3074376.067,3.074376067,59758764,19.4376884,Soil
SRR14267056,2991939.321,2.991939321,63526169,21.23243896,Soil
SRR14267057,3653894.572,3.653894572,102960316,28.1782394,Soil
SRR14267062,3156862.111,3.156862111,75891843,24.04027808,Soil
SRR14267063,2647425.233,2.647425233,72265527,27.29653178,Soil
SRR14267064,2907720.597,2.907720597,65357227,22.47713452,Soil
SRR14267065,2865013.433,2.865013433,86418308,30.16331686,Soil
SRR14320320,3653139.87,3.65313987,127284129,34.84239134,Soil
SRR14320321,5037743.437,5.037743437,124164754,24.64689906,Soil
SRR14320322,4377505.269,4.377505269,151031217,34.50166424,Soil
SRR14320323,4358090.769,4.358090769,132327888,30.36372921,Soil
SRR14555688,3669704.266,3.669704266,125527929,34.20655178,Soil
SRR14555689,4697236.72,4.69723672,176384314,37.55065468,Soil
SRR14623159,3402933.676,3.402933676,143329513,42.11939656,Soil
SRR14623161,3779230.74,3.77923074,337730010,89.36474993,Soil
SRR14986177,5900861.86,5.90086186,98455986,16.68501794,Soil
SRR14986178,6274928.329,6.274928329,164947602,26.28677068,Soil
SRR14986179,6424481.6,6.4244816,232952715,36.26015755,Soil
SRR14986180,5038570.2,5.0385702,196373773,38.97410678,Soil
SRR15130125,6710363.881,6.710363881,416884360,62.12544765,Soil
SRR15130127,5235191.421,5.235191421,631501162,120.6261837,Soil
SRR15130128,5535418.894,5.535418894,606784815,109.6185901,Soil
SRR15373726,3741829.376,3.741829376,177697392,47.48944277,Soil
SRR15373727,3905490.285,3.905490285,195743139,50.11999127,Soil
SRR15373728,4198208.307,4.198208307,247804719,59.02630381,Soil
SRR15421250,3373485.199,3.373485199,32340163,9.586573261,Soil
SRR15421251,2904191.305,2.904191305,49973485,17.20736679,Soil
SRR15421252,3079556.342,3.079556342,47961019,15.57400277,Soil
SRR15421253,2825134.608,2.825134608,19957532,7.064276493,Soil
SRR15421255,2656469.236,2.656469236,24863831,9.359728569,Soil
SRR15421257,3461281.484,3.461281484,22477297,6.493923451,Soil
SRR15421259,3115586.26,3.11558626,26439755,8.486285659,Soil
SRR15421261,4304247.263,4.304247263,40300648,9.362995557,Soil
SRR15421262,3835137.371,3.835137371,44103747,11.49991323,Soil
SRR15421283,4380931.733,4.380931733,59240908,13.52244491,Soil
SRR15421310,2552535.865,2.552535865,27568571,10.80046372,Soil
SRR15421311,3635786.226,3.635786226,38346038,10.54683516,Soil
SRR15421312,3168715.039,3.168715039,41097405,12.96973836,Soil
SRR15910686,4307198.946,4.307198946,79955707,18.56327233,Soil
SRR15910687,3642121.075,3.642121075,84277973,23.13980542,Soil
SRR16123962,4013379.026,4.013379026,157129930,39.15153017,Soil
SRR16123965,5762008.639,5.762008639,250627338,43.49652243,Soil
SRR16123966,5893445.445,5.893445445,131236398,22.26819595,Soil
SRR16123967,4870587.452,4.870587452,203568339,41.79543864,Soil
SRR16123968,3984961.078,3.984961078,168520803,42.28919673,Soil
SRR16608035,3202469.614,3.202469614,76460459,23.87546744,Soil
SRR16608036,3833735.271,3.833735271,117181463,30.56587237,Soil
SRR16608037,3900570.403,3.900570403,198194131,50.81157639,Soil
SRR17036897,6433670.768,6.433670768,217252327,33.7680206,Soil
SRR17036898,5015995.211,5.015995211,255421208,50.92134208,Soil
SRR17459104,5662672.33,5.66267233,127706724,22.55237749,Soil
SRR17459106,4421824.688,4.421824688,60154558,13.60401242,Soil
SRR17459107,5744943.649,5.744943649,145811211,25.38079047,Soil
SRR17459108,4341377.421,4.341377421,43219143,9.955168328,Soil
SRR17459109,4438820.385,4.438820385,62289659,14.03293073,Soil
SRR17459110,4306939.572,4.306939572,82333951,19.1165791,Soil
SRR17459111,3900492.461,3.900492461,117166711,30.03895333,Soil
SRR17459112,5224842.721,5.224842721,88230297,16.88668955,Soil
SRR17459113,4387069.832,4.387069832,196622991,44.81875113,Soil
SRR17459114,4394035.817,4.394035817,108890802,24.78150077,Soil
SRR17459115,3499996.443,3.499996443,75653896,21.61542082,Soil
SRR17459117,4985589.427,4.985589427,442267395,88.70914894,Soil
SRR17459118,3637448.073,3.637448073,47009692,12.92381116,Soil
SRR17459119,5430291.599,5.430291599,63032145,11.60750649,Soil
SRR17459120,5304543.465,5.304543465,178609285,33.67100038,Soil
SRR17459121,4377779.634,4.377779634,61850608,14.12830548,Soil
SRR17459122,6857177.164,6.857177164,308754769,45.02651187,Soil
SRR17459212,4463391.231,4.463391231,64460396,14.44202237,Soil
SRR17459213,5240719.988,5.240719988,311096036,59.36131614,Soil
SRR17651669,3078151.024,3.078151024,18613443,6.046955739,Soil
SRR17651674,3459039.039,3.459039039,25256027,7.301457634,Soil
SRR17689979,4986066.361,4.986066361,139535559,27.98509865,Soil
SRR17689980,4817139.954,4.817139954,138647112,28.78203941,Soil
SRR17689981,3611865.882,3.611865882,68615637,18.99728263,Soil
SRR17689982,3934890.693,3.934890693,87566151,22.25376963,Soil
SRR17689983,5044576.224,5.044576224,106867010,21.18453667,Soil
SRR17689990,5661464.682,5.661464682,47366161,8.36641464,Soil
SRR17689994,4375048.26,4.37504826,55740079,12.74044895,Soil
SRR17689996,4642914.169,4.642914169,49078278,10.5705762,Soil
SRR17710029,2429619.578,2.429619578,16258242,6.691682167,Soil
SRR17710030,2698753.819,2.698753819,19908843,7.377050423,Soil
SRR1783762,3042540.745,3.042540745,97557264,32.06440675,Soil
SRR17938967,3996790.79,3.99679079,235497380,58.92161796,Soil
SRR17938968,4308775.45,4.30877545,162850363,37.79504523,Soil
SRR17938969,3693347.092,3.693347092,297288832,80.49306622,Soil
SRR17938970,4236773.433,4.236773433,311722233,73.57538417,Soil
SRR17938971,4166256.269,4.166256269,305889561,73.42072625,Soil
SRR17938972,4593351.433,4.593351433,212032910,46.16082899,Soil
SRR17938973,4480393.818,4.480393818,199929663,44.62323428,Soil
SRR17938974,4325468.333,4.325468333,370577004,85.67326714,Soil
SRR17938975,4658210.435,4.658210435,177194093,38.0390915,Soil
SRR17938976,4552357.536,4.552357536,347579672,76.35157591,Soil
SRR17938977,4724979.403,4.724979403,244719540,51.79272101,Soil
SRR17938979,4171792.197,4.171792197,185244585,44.40407773,Soil
SRR17938980,4761144.287,4.761144287,225127833,47.28439623,Soil
SRR17938981,3957381.538,3.957381538,365641229,92.39473766,Soil
SRR17938982,3889776.354,3.889776354,354237909,91.0689656,Soil
SRR17965547,3487694.796,3.487694796,68710766,19.70091135,Soil
SRR17965548,3693729.988,3.693729988,116221609,31.46456546,Soil
SRR18465910,4472690.482,4.472690482,116558634,26.06007155,Soil
SRR18465938,3943087.335,3.943087335,125111482,31.72932055,Soil
SRR19044668,4481265.155,4.481265155,120254118,26.83485887,Soil
SRR19044669,5077462.478,5.077462478,146358183,28.82506441,Soil
SRR19044670,4749791.347,4.749791347,142210833,29.94043793,Soil
SRR19044671,4987501.43,4.98750143,164827514,33.04811363,Soil
SRR19044672,4823375.165,4.823375165,192404608,39.8900358,Soil
SRR19044687,5222615.123,5.222615123,138058946,26.43483059,Soil
SRR19044688,5133580.573,5.133580573,134294860,26.1600764,Soil
SRR19134800,4189725.121,4.189725121,188722805,45.04419731,Soil
SRR19134801,3971897.002,3.971897002,265862754,66.93596382,Soil
SRR19134802,5110878.954,5.110878954,175381487,34.31532787,Soil
SRR19134803,3935534.78,3.93553478,274874253,69.84419358,Soil
SRR19134804,4585003.628,4.585003628,228869393,49.91694916,Soil
SRR19134805,3858522.614,3.858522614,192865023,49.98416292,Soil
SRR19161322,4091429.72,4.09142972,299363260,73.16837402,Soil
SRR19161323,3680223.666,3.680223666,233852834,63.54310368,Soil
SRR19769803,6434280.725,6.434280725,292689546,45.48908549,Soil
SRR19769804,7034995.85,7.03499585,268445277,38.15855513,Soil
SRR19769805,6631184.966,6.631184966,305034325,45.99997234,Soil
SRR19769806,6481397.056,6.481397056,227771270,35.14231084,Soil
SRR20011525,3481615.948,3.481615948,85234362,24.48126481,Soil
SRR20011526,4005001.889,4.005001889,116387164,29.06045171,Soil
SRR20011527,3536989.442,3.536989442,89640004,25.34358824,Soil
SRR20011528,3880235.054,3.880235054,72160758,18.59700688,Soil
SRR20011531,3352976.901,3.352976901,63392206,18.90624596,Soil
SRR20011534,2728677.998,2.728677998,51310546,18.80417772,Soil
SRR20011535,3134764.408,3.134764408,55446382,17.68757546,Soil
SRR20011538,2762195.845,2.762195845,45629395,16.51924685,Soil
SRR20011539,2923245.079,2.923245079,40320162,13.79294616,Soil
SRR20011541,2917982.177,2.917982177,33474258,11.47171434,Soil
SRR2070862,3796229.159,3.796229159,88854164,23.40590103,Soil
SRR2459896,2834395.097,2.834395097,65089332,22.96409984,Soil
SRR2481862,3396663.086,3.396663086,61424752,18.08385184,Soil
SRR2546423,5088722.558,5.088722558,411738127,80.91188354,Soil
SRR2546425,5736408.035,5.736408035,686021774,119.5908258,Soil
SRR3569623,3641568.047,3.641568047,81273226,22.31819506,Soil
SRR3569832,3117536.37,3.11753637,45101227,14.46694493,Soil
SRR3569833,4934392.374,4.934392374,107652424,21.81675389,Soil
SRR4249915,3652231.826,3.652231826,62949055,17.23577747,Soil
SRR4249916,3088473.565,3.088473565,56944427,18.43772524,Soil
SRR4249917,2335849.109,2.335849109,17072787,7.309028197,Soil
SRR5133178,5631777.753,5.631777753,166739575,29.60691673,Soil
SRR5133179,3857022.81,3.85702281,145931790,37.83534534,Soil
SRR5177928,4020153.27,4.02015327,153754981,38.24604951,Soil
SRR5207254,2015524.091,2.015524091,17092960,8.480652787,Soil
SRR5207342,3247716.486,3.247716486,105822440,32.58364468,Soil
SRR5234508,2528978.547,2.528978547,17795723,7.03672359,Soil
SRR5438105,5176110.067,5.176110067,799622303,154.4832495,Soil
SRR5438128,5256951.146,5.256951146,627914019,119.4445224,Soil
SRR5512132,4440491.826,4.440491826,128006363,28.82706872,Soil
SRR5512144,4663447.29,4.66344729,49386383,10.59010211,Soil
SRR5639170,3430413.12,3.43041312,25038128,7.298866674,Soil
SRR5712675,6400237.684,6.400237684,170018932,26.56447157,Soil
SRR7013904,3336751.423,3.336751423,25119769,7.52821107,Soil
SRR7042352,4884372.615,4.884372615,527822196,108.0634582,Soil
SRR7042353,4842250.039,4.842250039,624270345,128.9215427,Soil
SRR8987900,3229993.287,3.229993287,49193778,15.23030348,Soil
SRR8987901,3531245.177,3.531245177,43332590,12.27119269,Soil
SRR908208,5728681.516,5.728681516,182707544,31.89347208,Soil
SRR908211,6424790.729,6.424790729,83872418,13.05449804,Soil
SRR908272,7003851.774,7.003851774,177111278,25.2876965,Soil
SRR908275,2707953.036,2.707953036,18776167,6.933712199,Soil
SRR908276,3946956.606,3.946956606,52292265,13.248756,Soil
SRR9179559,6116452.184,6.116452184,420277089,68.71256021,Soil
SRR9179561,4554130.719,4.554130719,224484907,49.2925919,Soil
SRR9179562,2596983.253,2.596983253,354337683,136.4420362,Soil
SRR9597092,7237181.478,7.237181478,121527221,16.79206489,Soil
SL254680,4875708.18,4.87570818,98922136,20.2887729,Surface
SL254681,5337585.616,5.337585616,91974096,17.23140435,Surface
SL254692,5021760.284,5.021760284,75898448,15.11391299,Surface
SL254693,5046404.11,5.04640411,64893184,12.859292,Surface
SL254705,4527330.11,4.52733011,80994835,17.89019865,Surface
SL254706,4022552.722,4.022552722,113365623,28.18250769,Surface
SL254718,6177850.029,6.177850029,115271161,18.65878266,Surface
SL254740,4719789.505,4.719789505,70305494,14.89589608,Surface
SL254752,2823738.934,2.823738934,62142627,22.007214,Surface
SL254763,5103861.557,5.103861557,53458085,10.47404684,Surface
SL254764,7182354.464,7.182354464,112809555,15.70648672,Surface
SL254765,4100214.729,4.100214729,44871522,10.9437005,Surface
SL254808,6624128.146,6.624128146,75649354,11.42027333,Surface
SL254820,4230784.068,4.230784068,46267239,10.9358545,Surface
SL259826,6693163.552,6.693163552,39851687,5.954088331,Surface
SL259827,1943716.541,1.943716541,14598362,7.510540602,Surface
SL259828,2114334.17,2.11433417,13265077,6.27387912,Surface
SL259829,1490380.269,1.490380269,12734421,8.544410621,Surface
SL259831,463256.3535,0.463256354,3570783,7.708006534,Surface
SL259833,343204.5212,0.343204521,3058013,8.910176908,Surface
SL259835,2974998.057,2.974998057,25812374,8.676433902,Surface
SL259839,7300369.645,7.300369645,90887379,12.44969548,Surface
SL259842,2692780.22,2.69278022,17640560,6.551058223,Surface
SL259848,3096467.933,3.096467933,26726486,8.631281377,Surface
SL259851,2642884.48,2.64288448,33058748,12.50858607,Surface
SL259852,2814816.245,2.814816245,22076295,7.842890291,Surface
SL259857,2118945.437,2.118945437,11871279,5.60244676,Surface
SL259859,2841807.211,2.841807211,28528640,10.0389076,Surface
SL259862,2241297.403,2.241297403,15188356,6.776591084,Surface
SL259868,1926939.011,1.926939011,11790294,6.118664851,Surface
SL259872,5702849.216,5.702849216,34198397,5.996721236,Surface
SL259875,1413486.869,1.413486869,9416899,6.6621765,Surface
SL259882,5177059.814,5.177059814,56519375,10.91727294,Surface
SL259884,2859537.86,2.85953786,29139269,10.1902022,Surface
SL259885,3140239.294,3.140239294,17279333,5.502552953,Surface
SL259887,2342159.568,2.342159568,12367724,5.280478823,Surface
SL259888,610871.7243,0.610871724,3407041,5.577342779,Surface
SL259899,2940068.805,2.940068805,18433731,6.269829798,Surface
SL259901,1602570.595,1.602570595,8500391,5.304222495,Surface
SL259905,921297.7799,0.92129778,5507048,5.977489711,Surface
SL259907,3020053.888,3.020053888,19372502,6.414621302,Surface
SL259909,3844992.785,3.844992785,25727858,6.691263011,Surface
SL259916,2085351.797,2.085351797,10548953,5.058596356,Surface
SL259918,2292542.27,2.29254227,16269230,7.096588888,Surface
SL259927,5291111.586,5.291111586,39276736,7.423153974,Surface
SL259935,6244143.346,6.244143346,34323819,5.496962049,Surface
SL259936,3939447.148,3.939447148,25736065,6.532912877,Surface
SL259938,4888810.094,4.888810094,30249719,6.187542248,Surface
SL259939,4639572.277,4.639572277,32446309,6.99338367,Surface
SL259940,5156982.101,5.156982101,38701822,7.504742356,Surface
SL259952,4793262.838,4.793262838,26631677,5.556064397,Surface
SL259975,321825.3675,0.321825368,9677463,30.07054128,Surface
SL263279,296396.6288,0.296396629,2838863,9.577919329,Surface
SL263286,236581.9381,0.236581938,2298044,9.713522589,Surface
SL263291,295038.3709,0.295038371,2411410,8.173208091,Surface
SL263292,475091.4875,0.475091488,3162506,6.656625267,Surface
SL263302,152892.2372,0.152892237,2843727,18.59955124,Surface
SL263309,418403.4614,0.418403461,2600242,6.214676119,Surface
SL263325,436458.3796,0.43645838,2421758,5.54865736,Surface
SL263328,230402.7493,0.230402749,2661407,11.55110782,Surface
SL263351,280773.7478,0.280773748,3197587,11.38848281,Surface
SL263353,1639781.658,1.639781658,8458550,5.158339197,Surface
SL263360,145301.0847,0.145301085,2402888,16.53730257,Surface
SL263364,1154478.061,1.154478061,7407460,6.416284773,Surface
SL263367,407601.9487,0.407601949,2615101,6.415820652,Surface
SL263637,2210401.429,2.210401429,22397182,10.13263098,Surface
SL263639,3035160.802,3.035160802,43619881,14.37152225,Surface
SL263640,7404261.477,7.404261477,65190826,8.804500787,Surface
SL263641,2794811.869,2.794811869,40895898,14.63279101,Surface
SL263642,5503062.628,5.503062628,41765282,7.589461509,Surface
SL263643,333204.752,0.333204752,2671346,8.01713056,Surface
SL263647,1736926.074,1.736926074,26861876,15.46518093,Surface
SL263649,1645130.147,1.645130147,25467008,15.48023909,Surface
SL263650,2195716.041,2.195716041,31687138,14.43134604,Surface
SL263651,4443737.565,4.443737565,31608007,7.112932872,Surface
SL263652,5853652.745,5.853652745,123579567,21.11153025,Surface
SL263654,4993590.108,4.993590108,56699344,11.35442493,Surface
SL263657,3093991.333,3.093991333,24455497,7.904190533,Surface
SL263662,1325376.067,1.325376067,25337168,19.11696509,Surface
SL263663,5213862.516,5.213862516,64837373,12.43557397,Surface
SL263664,1788496.01,1.78849601,30459864,17.03099354,Surface
SL263666,2430746.816,2.430746816,24352033,10.0183338,Surface
SL263667,1535955.924,1.535955924,8178781,5.324880013,Surface
SL263673,1534286.508,1.534286508,15496603,10.10020157,Surface
SL263674,767807.855,0.767807855,15098336,19.66421143,Surface
SL263675,3457754.854,3.457754854,48520605,14.03240167,Surface
SL263676,1616665.509,1.616665509,11346214,7.018281725,Surface
SL263677,6119091.101,6.119091101,70389596,11.50327636,Surface
SL263678,2116184.987,2.116184987,30669278,14.49272071,Surface
SL263679,372824.6757,0.372824676,2676137,7.178003964,Surface
SL263685,2301943.729,2.301943729,20609434,8.953057253,Surface
SL263686,3789887.134,3.789887134,35151046,9.274958531,Surface
SL263687,4836910.501,4.836910501,39076579,8.078830277,Surface
SL263688,2246756.26,2.24675626,50063580,22.28260399,Surface
SL263689,2237825.909,2.237825909,40424973,18.06439582,Surface
SL263690,4382129.106,4.382129106,38396669,8.76210355,Surface
SL263697,2210816.68,2.21081668,25261639,11.42638339,Surface
SL263699,4570671.773,4.570671773,37735220,8.255946143,Surface
SL263700,4730799.811,4.730799811,52910411,11.18424222,Surface
SL263701,1895589.807,1.895589807,33228841,17.52955248,Surface
SL263702,6371814.409,6.371814409,41400404,6.497427788,Surface
SL263710,785357.0748,0.785357075,11517236,14.66496753,Surface
SL263712,4596502.13,4.59650213,40332310,8.774565715,Surface
SL263713,3899637.447,3.899637447,71082918,18.22808375,Surface
SL263715,613585.6104,0.61358561,3755635,6.120800319,Surface
SL263716,4628822.902,4.628822902,35311986,7.628718304,Surface
SL263721,3721483.834,3.721483834,37046997,9.95489935,Surface
SL263724,1367251.764,1.367251764,19022890,13.91323128,Surface
SL263726,3259901.263,3.259901263,50131457,15.37821331,Surface
SL263727,4214969.511,4.214969511,26780969,6.35377526,Surface
SL267214,355818.7694,0.355818769,2535034,7.124508929,Surface
SL267216,236536.6247,0.236536625,2304750,9.743734203,Surface
SL269524,2537563.978,2.537563978,36503311,14.38517859,Surface
SL269526,2277262.308,2.277262308,35334094,15.51604041,Surface
SL269527,2210468.631,2.210468631,36684538,16.59581931,Surface
SL269528,4227747.743,4.227747743,23388553,5.532154335,Surface
SL269529,1968357.86,1.96835786,20206814,10.26582331,Surface
SL269530,3127847.705,3.127847705,36237666,11.58549566,Surface
SL269531,3850607.581,3.850607581,21326546,5.53848855,Surface
SL269532,1901567.518,1.901567518,33562495,17.64990971,Surface
SL269534,3844990.544,3.844990544,36307465,9.442796954,Surface
SL269535,3168166.928,3.168166928,70149361,22.14193967,Surface
SL269537,2467209.559,2.467209559,31782047,12.88177848,Surface
SL269538,3045078.07,3.04507807,66088994,21.70354667,Surface
SL269539,2453004.653,2.453004653,19210991,7.831616207,Surface
SL269543,1186057.388,1.186057388,13387138,11.28709128,Surface
SL269545,1667138.292,1.667138292,33969342,20.37583934,Surface
SL269546,2035607.911,2.035607911,31796966,15.62037848,Surface
SL269547,2568034.539,2.568034539,15052997,5.861680117,Surface
SL269548,4231482.492,4.231482492,35607547,8.414910629,Surface
SL269549,3584538.15,3.58453815,42706898,11.91419821,Surface
SL269550,5000008.357,5.000008357,42532413,8.506468382,Surface
SL269551,2703809.675,2.703809675,39536463,14.62250223,Surface
SL269553,1570785.048,1.570785048,21656893,13.78730529,Surface
SL269554,3302183.947,3.302183947,43468095,13.16343841,Surface
SL269555,2737679.366,2.737679366,31072794,11.35004865,Surface
SL269557,218192.3192,0.218192319,24528590,112.4172936,Surface
SL269558,4126256.423,4.126256423,43631758,10.57417512,Surface
SL269559,4347479.968,4.347479968,41054492,9.443284915,Surface
SL269560,2991214.537,2.991214537,19357877,6.471577601,Surface
SL269561,5228096.852,5.228096852,45365551,8.677259102,Surface
SL269562,770836.2174,0.770836217,22377044,29.02957009,Surface
SL269563,1969589.981,1.969589981,26061354,13.23186767,Surface
SL269564,3363129.191,3.363129191,31755281,9.442182919,Surface
SL269565,3939903.129,3.939903129,30748135,7.804287057,Surface
SL269566,4014648.299,4.014648299,31421573,7.826731175,Surface
SL269567,1353678.684,1.353678684,18286659,13.50886234,Surface
SL269569,4182566.166,4.182566166,34648864,8.284116169,Surface
SL269572,3015347.723,3.015347723,28095002,9.317334047,Surface
SL269573,3102109.335,3.102109335,41358438,13.33235987,Surface
SL269574,3160923.805,3.160923805,49346325,15.61136175,Surface
SL269575,2648619.022,2.648619022,30634380,11.5661708,Surface
SL269576,3414928.119,3.414928119,32444191,9.500695145,Surface
SL269580,2798482.49,2.79848249,38611288,13.79722337,Surface
SL269582,2888523.877,2.888523877,36068105,12.48669096,Surface
SL269583,3525439.979,3.525439979,31826981,9.02780396,Surface
SL269586,3205616.797,3.205616797,52123079,16.25992197,Surface
SL269587,3837891.513,3.837891513,43718692,11.39133085,Surface
SL269589,3487232.065,3.487232065,28295667,8.114076285,Surface
SL269590,2023755.671,2.023755671,20402293,10.08140127,Surface
SL269596,1587507.355,1.587507355,32798545,20.66040507,Surface
SL269597,2904227.467,2.904227467,40697802,14.01329698,Surface
SL269599,3968572.881,3.968572881,44440591,11.19812898,Surface
SL269600,2671557.449,2.671557449,35351879,13.23268531,Surface
SL269601,1740749.961,1.740749961,20956876,12.03899266,Surface
SL269604,2846611.473,2.846611473,44402768,15.5984645,Surface
SL269605,3096063.281,3.096063281,30973731,10.00423059,Surface
SL269608,2802788.243,2.802788243,23291977,8.310287821,Surface
SL269609,2236475.432,2.236475432,37438478,16.73994602,Surface
SL269610,1123428.635,1.123428635,25810386,22.97465561,Surface
SL269611,3762921.081,3.762921081,27934486,7.42361729,Surface
SL269614,1512899.838,1.512899838,17129912,11.32256847,Surface
SL269616,1645418.86,1.64541886,31201678,18.962757,Surface
SL269617,827131.787,0.827131787,31314121,37.85868406,Surface
SL269720,2400247.682,2.400247682,25527686,10.63543825,Surface
SL269723,2950182.89,2.95018289,21606572,7.323807645,Surface
SL269728,2897853.92,2.89785392,69464907,23.97115553,Surface
SL269729,4237046.059,4.237046059,64615332,15.25008959,Surface
SL269730,4237446.858,4.237446858,92387648,21.80266823,Surface
SL269731,2578765.754,2.578765754,38547315,14.94797072,Surface
SL269732,2346279.857,2.346279857,63073749,26.88244917,Surface
SL269737,4092477.854,4.092477854,42434976,10.36901787,Surface
SL269738,2601401.796,2.601401796,42089595,16.17958251,Surface
SL269739,3168996.586,3.168996586,31832612,10.04501303,Surface
SL269742,2816451.657,2.816451657,37176240,13.19967268,Surface
SL269743,4040925.162,4.040925162,82435570,20.40017241,Surface
SL269744,2257292.685,2.257292685,76035081,33.68419236,Surface
SL269747,3066191.095,3.066191095,42259542,13.78242278,Surface
SL269748,3205363.995,3.205363995,92529726,28.86715085,Surface
SL269750,1971704.181,1.971704181,40621574,20.602266,Surface
SL269752,2806453.153,2.806453153,61214574,21.81207761,Surface
SL269753,2895011.359,2.895011359,52747910,18.22027739,Surface
SL269754,3409287.127,3.409287127,85938658,25.20722216,Surface
SL269755,3573329.904,3.573329904,48889823,13.68186658,Surface
SL269756,3074836.674,3.074836674,22574693,7.341753529,Surface
SL269761,2829902.551,2.829902551,44592915,15.75775639,Surface
SL269763,3247601.573,3.247601573,36396223,11.20710844,Surface
SL269764,2101512.747,2.101512747,24251456,11.53999948,Surface
SL269767,3481990.438,3.481990438,44402527,12.75205311,Surface
SL269768,3630123.813,3.630123813,37798795,10.41253603,Surface
SL269769,2676470.879,2.676470879,39640221,14.81063041,Surface
SL269771,3396974.726,3.396974726,45530918,13.40337261,Surface
SL269772,3794260.497,3.794260497,43006284,11.33456283,Surface
SL269773,6693190.238,6.693190238,60154145,8.987365196,Surface
SL269776,2060452.953,2.060452953,44729029,21.70834764,Surface
SL269777,2686503.65,2.68650365,58946546,21.94173308,Surface
SL269778,2254855.16,2.25485516,26091195,11.57111794,Surface
SL269782,2553395.385,2.553395385,19035072,7.454807867,Surface
SL269783,3189711.68,3.18971168,36426327,11.41994345,Surface
SL269785,767125.6355,0.767125636,30314902,39.51751916,Surface
SL269786,710278.2908,0.710278291,52820364,74.36573057,Surface
SL269787,2655955.762,2.655955762,25144524,9.467222443,Surface
SL269788,3066250.947,3.066250947,76563357,24.96969698,Surface
SL269789,3153281.609,3.153281609,56831723,18.02304077,Surface
SL269792,3643344.602,3.643344602,61237496,16.8080439,Surface
SL269794,2522674.004,2.522674004,30670008,12.15773737,Surface
SL269797,1386474.609,1.386474609,22026131,15.8864294,Surface
SL269799,1730722.927,1.730722927,22824638,13.18792144,Surface
SL269801,1324951.849,1.324951849,14309243,10.79982115,Surface
SL269803,2607630.068,2.607630068,41824339,16.03921488,Surface
SL269806,4298509.866,4.298509866,68836003,16.0139223,Surface
SL269808,392262.0015,0.392262002,31174224,79.4729642,Surface
SL270206,2257347.015,2.257347015,13358556,5.917812332,Surface
SL270242,1795736.024,1.795736024,9390097,5.229107661,Surface
SL270248,3267066.977,3.267066977,18364506,5.62109872,Surface
SL270259,687690.2115,0.687690212,31786862,46.22264716,Surface
SL270265,1333009.657,1.333009657,6861812,5.14760862,Surface
SL270268,3140596.731,3.140596731,19806866,6.306720568,Surface
SL270273,3165863.002,3.165863002,18125737,5.725369983,Surface
SL270280,1013851.257,1.013851257,8140071,8.02886118,Surface
SL270281,3167292.017,3.167292017,18983852,5.993716998,Surface
SL270282,1701482.264,1.701482264,10521349,6.183637186,Surface
SL270283,3092364.51,3.09236451,29028869,9.387272718,Surface
SL270284,2628784.45,2.62878445,17647277,6.713093954,Surface
SL270285,3446924.238,3.446924238,35321396,10.24722145,Surface
SL270286,3793716.675,3.793716675,26598557,7.011213351,Surface
SL270287,3322833.872,3.322833872,29881733,8.99284591,Surface
SL270288,3375513.465,3.375513465,52116730,15.43964512,Surface
SL270289,2416759.408,2.416759408,17531291,7.254048931,Surface
SL270291,2624686.385,2.624686385,26953246,10.26913012,Surface
SL270293,2721359.059,2.721359059,36435085,13.38856219,Surface
SL270294,3564660.178,3.564660178,32451420,9.103650384,Surface
SL270299,3654415.378,3.654415378,23753516,6.499949662,Surface
SL270315,366837.6125,0.366837613,30960691,84.39890008,Surface
SL270402,741138.8796,0.74113888,3793832,5.118921843,Surface
SL270406,2535787.501,2.535787501,18569518,7.322978756,Surface
SL270411,3114102.525,3.114102525,36348658,11.67227402,Surface
SL270413,1159594.872,1.159594872,6010336,5.183134337,Surface
SL270414,1364934.043,1.364934043,7446147,5.455316347,Surface
SL270422,4859923.105,4.859923105,34416162,7.08162686,Surface
SL270428,3943581.288,3.943581288,30972596,7.853926099,Surface
SL270429,2549694.87,2.54969487,18346671,7.195633963,Surface
SL270432,2029368.321,2.029368321,11585313,5.708827165,Surface
SL270434,2499629.916,2.499629916,19440715,7.777437323,Surface
SL270436,1679265.215,1.679265215,11336583,6.750918733,Surface
SL270437,2583014.544,2.583014544,18350979,7.104481483,Surface
SL270439,3723143.888,3.723143888,36666266,9.848200096,Surface
SL270440,3255766.751,3.255766751,18293100,5.618676459,Surface
SL270447,2532610.839,2.532610839,22588351,8.918997996,Surface
SL270450,1277204.956,1.277204956,8882771,6.954851656,Surface
SL270453,796197.9559,0.796197956,4957027,6.225872553,Surface
SL270456,1208807.261,1.208807261,6726006,5.564167435,Surface
SL270458,3230554.506,3.230554506,33648185,10.41560665,Surface
SL270464,1048954.624,1.048954624,8187190,7.805094529,Surface
SL270469,983679.1698,0.98367917,31823154,32.35115165,Surface
SL270470,337781.1679,0.337781168,30986155,91.7344066,Surface
SL270476,898735.6729,0.898735673,5615543,6.248269841,Surface
SL270478,3440565.606,3.440565606,27193646,7.9038301,Surface
SL270495,1573636.061,1.573636061,12072870,7.671958147,Surface
SL270903,4042470.185,4.042470185,53047950,13.12265708,Surface
SL270906,2831296.223,2.831296223,38562168,13.61996943,Surface
SL270907,2233877.687,2.233877687,20434826,9.147692428,Surface
SL270908,2808251.929,2.808251929,25751405,9.169905568,Surface
SL270909,4138484.546,4.138484546,48199487,11.64665144,Surface
SL270910,3176855.946,3.176855946,29771380,9.371334586,Surface
SL270911,2271307.074,2.271307074,32387226,14.25928989,Surface
SL270912,2199920.156,2.199920156,23995202,10.90730586,Surface
SL270913,3052742.759,3.052742759,26810905,8.782562801,Surface
SL270914,2042135.39,2.04213539,39470339,19.32797365,Surface
SL270915,2180193.77,2.18019377,33946297,15.5703119,Surface
SL270916,3308634.479,3.308634479,30657729,9.265976399,Surface
SL270917,2822432.037,2.822432037,63060701,22.34268184,Surface
SL270918,2747367.785,2.747367785,19371369,7.05088307,Surface
SL270919,2319913.355,2.319913355,39164133,16.88172229,Surface
SL270920,4338257.831,4.338257831,37341050,8.60738376,Surface
SL270921,1461389.609,1.461389609,24283061,16.61641827,Surface
SL270922,1946005.94,1.94600594,16015578,8.229973853,Surface
SL270923,2270263.962,2.270263962,13336633,5.874485619,Surface
SL270924,2140109.08,2.14010908,30928096,14.45164468,Surface
SL270925,2807927.068,2.807927068,43366107,15.44417143,Surface
SL270926,1553064.569,1.553064569,11294908,7.272658345,Surface
SL270927,3871526.598,3.871526598,37819383,9.768596971,Surface
SL270928,4487672.47,4.48767247,52555920,11.71117553,Surface
SL270929,4837884.649,4.837884649,61264086,12.66340362,Surface
SL270932,1829449.059,1.829449059,26943901,14.72787716,Surface
SL270933,3969146.408,3.969146408,52971622,13.34584733,Surface
SL270934,3989962.133,3.989962133,39774809,9.968718417,Surface
SL270935,2909977.582,2.909977582,37938165,13.03727054,Surface
SL270937,4444204.835,4.444204835,52634848,11.84347931,Surface
SL270938,2955597.746,2.955597746,41954167,14.19481628,Surface
SL270939,1733328.835,1.733328835,14865155,8.576073219,Surface
SL270940,3919856.181,3.919856181,50696215,12.93318241,Surface
SL270941,1796029.292,1.796029292,21650152,12.05445373,Surface
SL270942,2652978.891,2.652978891,28335291,10.68055652,Surface
SL270943,2160516.019,2.160516019,27613626,12.78103275,Surface
SL270944,2346048.346,2.346048346,37154304,15.83697286,Surface
SL270945,5572713.338,5.572713338,37614006,6.749675377,Surface
SL270948,2856847.968,2.856847968,40473388,14.16714801,Surface
SL270949,2986557.835,2.986557835,32889201,11.01241055,Surface
SL270950,3040196.424,3.040196424,44926316,14.7774386,Surface
SL270951,2852592.146,2.852592146,23791247,8.340220328,Surface
SL270952,3987173.55,3.98717355,43811822,10.98819037,Surface
SL270953,3531320.058,3.531320058,50710195,14.36012431,Surface
SL270954,2905066.421,2.905066421,33757803,11.62032054,Surface
SL270958,4188593.145,4.188593145,50243865,11.99540353,Surface
SL270984,2430833.838,2.430833838,37832013,15.56338916,Surface
SL270985,3058742.611,3.058742611,81330265,26.58944388,Surface
SL270986,2814683.124,2.814683124,41556199,14.76407722,Surface
SL270987,3196011.069,3.196011069,20030475,6.267335927,Surface
SL270988,2378866.333,2.378866333,44109563,18.54226208,Surface
SL270989,1661416.32,1.66141632,26899615,16.1907733,Surface
SL270990,3999661.747,3.999661747,33752581,8.438858868,Surface
SL270991,1912136.148,1.912136148,33984211,17.77290338,Surface
SL270992,2067335.106,2.067335106,31828050,15.3956898,Surface
SL270993,1540160.669,1.540160669,16520026,10.72617054,Surface
SL270994,2396028.084,2.396028084,37987539,15.85437969,Surface
SL270995,658052.0936,0.658052094,31766468,48.2734852,Surface
SL270997,4538921.784,4.538921784,64749758,14.26544917,Surface
SL270998,2840016.937,2.840016937,27874022,9.814737946,Surface
SL271131,603417.4591,0.603417459,31379739,52.00336604,Surface
SL271132,1211489.236,1.211489236,32246688,26.61739538,Surface
SL271138,1973582.877,1.973582877,32500093,16.46755927,Surface
SL272738,4420532.953,4.420532953,56573678,12.79793152,Surface
SL272740,2758932.194,2.758932194,35211290,12.76265146,Surface
SL272741,6133992.502,6.133992502,48767545,7.950375712,Surface
SL272742,5356576.075,5.356576075,49100371,9.166372382,Surface
SL272743,3105400.608,3.105400608,36590571,11.78288267,Surface
SL272744,4266229.719,4.266229719,40267580,9.438680674,Surface
SL272745,4159100.289,4.159100289,46013419,11.06331076,Surface
SL272746,3032404.6,3.0324046,47782945,15.75744378,Surface
SL272747,3611375.526,3.611375526,29780467,8.246294738,Surface
SL272748,5225796.662,5.225796662,52422201,10.03142763,Surface
SL272749,3996143.67,3.99614367,22804391,5.706599382,Surface
SL272751,4260363.158,4.260363158,57638736,13.52906639,Surface
SL272753,3384001.233,3.384001233,18820977,5.561752407,Surface
SL272754,3626373.205,3.626373205,49167127,13.55820933,Surface
SL272755,4655649.333,4.655649333,32116169,6.898322168,Surface
SL272756,4320687.117,4.320687117,55588843,12.86574137,Surface
SL272757,5950632.278,5.950632278,60811349,10.21930883,Surface
SL272759,4638095.286,4.638095286,56134579,12.10293785,Surface
SL272760,2309801.194,2.309801194,15609951,6.758136171,Surface
SL272761,4153271.914,4.153271914,38021285,9.154537866,Surface
SL272762,1928339.986,1.928339986,14612890,7.577963484,Surface
SL272763,1665496.302,1.665496302,13728395,8.242825266,Surface
SL272764,1111484.911,1.111484911,8017271,7.213117262,Surface
SL272765,5356414.389,5.356414389,53037321,9.901646353,Surface
SL272766,2724165.091,2.724165091,19569028,7.18349562,Surface
SL272767,1965055.823,1.965055823,18055280,9.188176633,Surface
SL272768,1792987.729,1.792987729,23416694,13.06015296,Surface
SL272770,4657205.15,4.65720515,50699688,10.88629046,Surface
SL272771,3670685.749,3.670685749,52680575,14.35169846,Surface
SL272772,4841257.927,4.841257927,41741582,8.622052911,Surface
SL272773,5062554.226,5.062554226,60829561,12.01558705,Surface
SL272774,5029905.211,5.029905211,58154612,11.56177096,Surface
SL272775,2580376.657,2.580376657,33330484,12.91690649,Surface
SL272776,3342242.188,3.342242188,50694733,15.16788136,Surface
SL272777,3257533.856,3.257533856,40455576,12.41908075,Surface
SL272778,4260836.287,4.260836287,52331672,12.28201894,Surface
SL272780,2855021.74,2.85502174,39997773,14.00962117,Surface
SL272781,5477450.897,5.477450897,37813089,6.903409945,Surface
SL272782,3390036.927,3.390036927,34342410,10.13039407,Surface
SL272783,5704299.483,5.704299483,56206619,9.853377995,Surface
SL272784,3190965.713,3.190965713,23431616,7.34311118,Surface
SL272785,2708963.172,2.708963172,49021367,18.09598872,Surface
SL272786,3472232.514,3.472232514,39233976,11.2993516,Surface
SL272787,2911490.199,2.911490199,17438453,5.989528319,Surface
SL272788,3481676.616,3.481676616,39007010,11.20351322,Surface
SL272790,3107902.148,3.107902148,41521992,13.36013491,Surface
SL272791,2539474.709,2.539474709,32151511,12.66069352,Surface
SL272794,3590310.767,3.590310767,39257561,10.93430723,Surface
SL272795,2225114.232,2.225114232,36090358,16.2195529,Surface
SL272797,2838770.162,2.838770162,24534226,8.642554556,Surface
SL272798,3573388.361,3.573388361,52279647,14.63027293,Surface
SL272799,3885549.103,3.885549103,48474283,12.47552964,Surface
SL272800,3770954.179,3.770954179,45854215,12.15984412,Surface
SL272801,4393729.545,4.393729545,40522289,9.222754516,Surface
SL272802,3441577.112,3.441577112,61880769,17.98035232,Surface
SL272807,5339056.383,5.339056383,33457529,6.266562216,Surface
SL272809,2558606.144,2.558606144,35036824,13.69371526,Surface
SL272812,184031.5652,0.184031565,14195195,77.13456649,Surface
SL272814,4512863.073,4.512863073,30056742,6.660237972,Surface
SL272815,2060943.069,2.060943069,11288995,5.477587018,Surface
SL272816,3821229.938,3.821229938,33100564,8.662280088,Surface
SL272818,1194919.946,1.194919946,11260824,9.423915001,Surface
SL272819,4252116.37,4.25211637,35668597,8.388433875,Surface
SL272821,1426935.03,1.42693503,17808878,12.48051076,Surface
SL272823,3139898.65,3.13989865,26609284,8.474567802,Surface
SL272826,5696458.61,5.69645861,68663192,12.05366293,Surface
SL272827,2616128.482,2.616128482,16121793,6.162462246,Surface
SL273044,2125099.831,2.125099831,11538965,5.429846085,Surface
SL273068,458343.7977,0.458343798,2466955,5.382324387,Surface
SL273072,591393.5441,0.591393544,3589353,6.069313803,Surface
SL273090,1326510.708,1.326510708,11058666,8.336657919,Surface
SL273100,930600.9338,0.930600934,8693238,9.341531568,Surface
SL273103,677003.3606,0.677003361,18410010,27.19338052,Surface
SL273113,1962210.891,1.962210891,28187839,14.36534632,Surface
SL273114,1676288.656,1.676288656,9642309,5.752176969,Surface
SL335773,3236925.791,3.236925791,38377606,11.85618963,Surface
SL335780,1151033.675,1.151033675,5910278,5.134756809,Surface
SL335790,1931777.825,1.931777825,9923047,5.136743404,Surface
SL335800,2113228.822,2.113228822,11037589,5.223092211,Surface
SL335801,61609.51899,0.061609519,332577,5.398143103,Surface
SL335802,1139073.557,1.139073557,7451252,6.541502043,Surface
SL335843,2252273.591,2.252273591,13553304,6.017609962,Surface
SL335844,3014826.428,3.014826428,45681172,15.15217313,Surface
SL335845,3094191.226,3.094191226,25801550,8.338705695,Surface
SL335854,367528.8339,0.367528834,2635841,7.171793767,Surface
SL335867,1192367.718,1.192367718,7035821,5.900714094,Surface
SL335937,6439247.688,6.439247688,45246201,7.026628449,Surface
SL335939,3323882.995,3.323882995,30028113,9.034046339,Surface
SL335942,4165967.909,4.165967909,35668808,8.561949774,Surface
SL335944,4963135.853,4.963135853,54043796,10.88904225,Surface
SL335945,5084264.74,5.08426474,59451949,11.69332284,Surface
SL335946,5271350.769,5.271350769,64318639,12.20154792,Surface
SL335947,3653454.843,3.653454843,54768672,14.99092622,Surface
SL335948,1143695.971,1.143695971,13597427,11.88902239,Surface
SL335949,3635429.048,3.635429048,30473845,8.382461767,Surface
SL335950,4215515.855,4.215515855,42509691,10.0841018,Surface
SL335953,2274143.505,2.274143505,18939428,8.328158695,Surface
SL335956,3777959.131,3.777959131,33153454,8.775493025,Surface
SL335959,2749244.507,2.749244507,45261009,16.46307154,Surface
SL335961,4251749.075,4.251749075,36021933,8.472262206,Surface
SL335963,2274867.648,2.274867648,25477092,11.1993733,Surface
SL336158,5310945.861,5.310945861,28036978,5.279093166,Surface
SL336204,451753.5176,0.451753518,3128607,6.925473468,Surface
SL336208,2474506.837,2.474506837,23186562,9.370174959,Surface
SL336210,994881.9483,0.994881948,5043831,5.069778388,Surface
SL336218,2691793.298,2.691793298,42308336,15.71752781,Surface
SL336225,2608756.229,2.608756229,19530481,7.486510537,Surface
SL336229,2903276.144,2.903276144,17782961,6.125135922,Surface
SL336592,3033479.961,3.033479961,28266757,9.318260665,Surface
SL336608,1770478.658,1.770478658,10883547,6.147234225,Surface
SL336609,2574251.627,2.574251627,15213789,5.909985194,Surface
SL336611,864461.6232,0.864461623,4908096,5.677633186,Surface
SL336784,1753583.761,1.753583761,11210416,6.392860296,Surface
SL336808,2151150.086,2.151150086,10915107,5.074079708,Surface
SL336813,764716.5695,0.76471657,6057748,7.921559754,Surface
SL336820,1993291.806,1.993291806,12348745,6.19515164,Surface
SL336833,1712415.299,1.712415299,13524576,7.897953264,Surface
SL342274,2001367.614,2.001367614,13314238,6.652569925,Surface
SL342281,2508290.465,2.508290465,15917870,6.346103141,Surface
SL342282,3551157.466,3.551157466,31890462,8.980300733,Surface
SL342283,1080892.977,1.080892977,7240681,6.698795493,Surface
SL342284,2331106.78,2.33110678,28318176,12.14795317,Surface
SL342285,2731475.959,2.731475959,26356277,9.649097189,Surface
SL342286,1254301.353,1.254301353,12734143,10.15237923,Surface
SL342290,4270434.069,4.270434069,26659067,6.242706613,Surface
SL342297,666583.2612,0.666583261,3377757,5.067269457,Surface
SL342329,666708.2541,0.666708254,3853143,5.779353977,Surface
SL342343,386745.154,0.386745154,2989411,7.729666343,Surface
SL342349,1645594.771,1.645594771,9379040,5.699483352,Surface
SL342351,1399633.768,1.399633768,12411508,8.86768259,Surface
SL342356,452603.6909,0.452603691,2485674,5.491943725,Surface
SL342464,2388408.397,2.388408397,12515613,5.240147798,Surface
SL342472,688676.3704,0.68867637,3931727,5.709106874,Surface
SL342533,1610962.224,1.610962224,8078775,5.014875507,Surface
SL342536,3580055.297,3.580055297,21587917,6.030051272,Surface
SL342540,2371867.68,2.37186768,12099407,5.101215006,Surface
SL342543,657907.6806,0.657907681,4284784,6.512743545,Surface
SL342546,601078.1321,0.601078132,5320871,8.85221191,Surface
SL342576,2231121.305,2.231121305,15954834,7.151038343,Surface
SL342584,449592.6135,0.449592614,2260501,5.027887318,Surface
SL342603,3426649.536,3.426649536,20706305,6.04272622,Surface
SL342642,2564241.73,2.56424173,18567011,7.240741302,Surface
SL342645,1703542.572,1.703542572,9700333,5.694212261,Surface
SL343329,1582320.616,1.582320616,7930498,5.011941271,Surface
SL343333,450778.0254,0.450778025,3189542,7.07563772,Surface
SL343340,654394.1802,0.65439418,6379282,9.74837826,Surface
SL343343,944538.7426,0.944538743,4952412,5.243206844,Surface
SL343348,1743765.115,1.743765115,9057242,5.194072253,Surface
SL343354,1970611.623,1.970611623,9958019,5.053263101,Surface
SL343364,2119953.76,2.11995376,14538981,6.858159491,Surface
SL343375,1499645.494,1.499645494,9590540,6.395204759,Surface
SL343393,964913.6721,0.964913672,5477839,5.677024959,Surface
SL343409,4359821.488,4.359821488,26025476,5.969390277,Surface
SL343410,6477173.727,6.477173727,36743402,5.672752276,Surface
SL343449,5829119.107,5.829119107,63140775,10.83195828,Surface
SL343486,3006885.931,3.006885931,18523531,6.160370371,Surface
SL343504,2397149.58,2.39714958,15003719,6.258983221,Surface
SL344520,1938818.629,1.938818629,16033727,8.269843689,Surface
SL344535,2185115.598,2.185115598,29111625,13.32269333,Surface
SL344538,4439912.361,4.439912361,24892712,5.606577333,Surface
SL344539,5384135.905,5.384135905,41446071,7.697812932,Surface
SL344542,1389024.156,1.389024156,7672467,5.523638282,Surface
SL344548,3066941.446,3.066941446,30460557,9.931900407,Surface
SL344549,2940067.183,2.940067183,21784057,7.409373883,Surface
SL344550,3003159.276,3.003159276,47673694,15.87451401,Surface
SL344551,2342279.24,2.34227924,19079718,8.145791362,Surface
SL344552,2174323.837,2.174323837,30972729,14.24476358,Surface
SL344553,2772038.195,2.772038195,14264131,5.145719503,Surface
SL344563,2133728.395,2.133728395,18856374,8.837288778,Surface
SL344566,1585264.489,1.585264489,10939725,6.900883149,Surface
SL344569,4831169.641,4.831169641,27487995,5.689718441,Surface
SL344576,1186805.47,1.18680547,8039887,6.774393279,Surface
SL344701,3098569.375,3.098569375,33693201,10.87379268,Surface
SL344702,2383407.02,2.38340702,31623685,13.2682688,Surface
SL344704,1434558.552,1.434558552,8587930,5.986461819,Surface
SL345440,4707263.975,4.707263975,45034919,9.567111434,Surface
SL345442,4457656.975,4.457656975,39789078,8.926007143,Surface
SL345443,4506760.602,4.506760602,58401056,12.9585441,Surface
SL345444,4078649.922,4.078649922,42473535,10.41362603,Surface
SL345445,4710396.399,4.710396399,85309675,18.1109333,Surface
SL345446,4000237.149,4.000237149,81637756,20.40822905,Surface
SL345447,4339515.601,4.339515601,76709925,17.67707091,Surface
SL345448,4433116.428,4.433116428,69886611,15.76466852,Surface
SL345449,3074343.37,3.07434337,49594810,16.13183826,Surface
SL345457,4121090.855,4.121090855,32802780,7.959732303,Surface
SL345458,4088178.878,4.088178878,54422704,13.31221202,Surface
SL345459,3859159.659,3.859159659,49937223,12.93992149,Surface
SL345461,4183154.565,4.183154565,28323823,6.770924325,Surface
SL345466,3724011.58,3.72401158,33366123,8.959725898,Surface
SL345468,3255488.565,3.255488565,26754470,8.218265697,Surface
SL345469,4119118.292,4.119118292,83635984,20.30434138,Surface
SL345480,3750578.715,3.750578715,27802650,7.412896012,Surface
SL345482,2758699.484,2.758699484,20868541,7.564630044,Surface
SL345483,3345217.973,3.345217973,24553376,7.339843382,Surface
SL345484,5066264.945,5.066264945,32373925,6.390097114,Surface
SL345500,225875.4958,0.225875496,5320618,23.55553435,Surface
SL345507,4015044.762,4.015044762,28923376,7.203749326,Surface
SL345508,4350541.015,4.350541015,35358154,8.127300461,Surface
SL345509,3989075.573,3.989075573,27779053,6.963782082,Surface
SL345515,2414278.367,2.414278367,15451465,6.400034566,Surface
SL345520,3031245.571,3.031245571,25541801,8.426173467,Surface
SL345521,3046331.114,3.046331114,23733653,7.790897349,Surface
SL345523,2483290.133,2.483290133,16027627,6.454190266,Surface
SL345524,2302916.171,2.302916171,15201627,6.601033589,Surface
SL345532,3316752.578,3.316752578,77132787,23.2555143,Surface
SL345536,3770987.914,3.770987914,33771404,8.955585318,Surface
SL345537,3390538.664,3.390538664,45540198,13.43155248,Surface
SL345538,5970093.214,5.970093214,101611913,17.02015519,Surface
SL345540,2016538.12,2.01653812,13489792,6.689579467,Surface
SL345543,4827678.674,4.827678674,25607490,5.304307045,Surface
SL345554,3831279.563,3.831279563,21619259,5.642829933,Surface
SL345558,3903022.225,3.903022225,38528683,9.871499772,Surface
SL345566,3683025.028,3.683025028,39260279,10.65979153,Surface
SL345574,3968903.465,3.968903465,40039095,10.08820077,Surface
SL345575,4489987.055,4.489987055,91609772,20.40312608,Surface
SL345582,3245922.781,3.245922781,28771863,8.864001069,Surface
SL345583,4624779.225,4.624779225,57046053,12.33487054,Surface
SL345585,3769499.529,3.769499529,42694900,11.32641075,Surface
SL345586,3745152.573,3.745152573,35550245,9.492335576,Surface
SL345590,2831116.658,2.831116658,24110484,8.516245325,Surface
SL345591,4301911.969,4.301911969,56333856,13.0950741,Surface
SL345593,4284673.974,4.284673974,39116728,9.129452611,Surface
SL345594,3881260.239,3.881260239,75300870,19.40113916,Surface
SL345595,5003737.611,5.003737611,60176696,12.02634924,Surface
SL345596,3318555.554,3.318555554,72185605,21.75211589,Surface
SL345598,1335136.787,1.335136787,7834151,5.867676686,Surface
SL345599,5331125.369,5.331125369,104337145,19.57131708,Surface
SL345600,3565814.493,3.565814493,20413391,5.724748453,Surface
SL345607,6819198.669,6.819198669,106345514,15.59501624,Surface
SL345611,1067842.437,1.067842437,8350596,7.820063817,Surface
SL345613,4268660.892,4.268660892,55607479,13.02691416,Surface
SL345615,1298357.302,1.298357302,6994232,5.38698553,Surface
SL346003,4282275.794,4.282275794,24189833,5.648826503,Surface
SL346004,3971656.379,3.971656379,26466186,6.66376531,Surface
SL346060,5953414.012,5.953414012,47655771,8.004780266,Surface
SL346068,586229.4111,0.586229411,3689397,6.293435522,Surface
SL346069,1292166.406,1.292166406,7252749,5.612859897,Surface
SL357339,2513332.674,2.513332674,12821027,5.101205715,Surface
SL364016,443813.5243,0.443813524,2806768,6.324205655,Surface
SL364059,299942.7116,0.299942712,2523819,8.414336812,Surface
SL366932,3585598.953,3.585598953,18172049,5.068065123,Surface
SL366953,2795428.675,2.795428675,17394134,6.222349423,Surface
ERR2607373,4730770.418,4.730770418,289819248,61.2625899,WWTP
ERR2607384,3944452.708,3.944452708,129754660,32.89547869,WWTP
ERR2607385,3013283.385,3.013283385,49391413,16.39122734,WWTP
ERR2607395,3136918.673,3.136918673,90656006,28.89969918,WWTP
ERR2607402,1212514.715,1.212514715,3323705,2.741166733,WWTP
ERR2607410,2885509.972,2.885509972,33930615,11.75896647,WWTP
ERR2607426,3416835.794,3.416835794,246139971,72.03740123,WWTP
ERR2607430,4034536.286,4.034536286,234027362,58.00601243,WWTP
ERR2607435,3794265.034,3.794265034,77289423,20.37006437,WWTP
ERR2607438,3739888.235,3.739888235,222747456,59.55992318,WWTP
ERR2607441,6736541.626,6.736541626,399355836,59.28202602,WWTP
ERR2607471,5120403.159,5.120403159,167330542,32.67917326,WWTP
ERR2683209,3934315.182,3.934315182,213324963,54.22162515,WWTP
ERR2683215,7348649.893,7.348649893,193996619,26.39894699,WWTP
ERR2683272,6404899.511,6.404899511,296557234,46.30162167,WWTP
ERR4678562,3375564.818,3.375564818,302729061,89.68249088,WWTP
ERR4678565,4268886.699,4.268886699,297117269,69.60064531,WWTP
ERR4678591,8739507.266,8.739507266,96139847,11.00060267,WWTP
ERR4678597,4903681.019,4.903681019,290169003,59.17371091,WWTP
ERR4678611,3164270.885,3.164270885,342244949,108.1591815,WWTP
ERR4678634,3978871.168,3.978871168,369381210,92.83567988,WWTP
ERR4678675,3492254.815,3.492254815,251094033,71.90026109,WWTP
ERR4682408,3222671.679,3.222671679,381201908,118.2875409,WWTP
ERR4682439,3804322.691,3.804322691,375743243,98.76744785,WWTP
ERR4682440,3760226.762,3.760226762,303526463,80.72025498,WWTP
ERR4682453,5235146.214,5.235146214,212266670,40.54646448,WWTP
ERR4682467,5387138.18,5.38713818,324672098,60.26801006,WWTP
ERR4682780,3938071.624,3.938071624,400340800,101.6590957,WWTP
ERR4682782,4190442.236,4.190442236,422859621,100.9104999,WWTP
ERR4682823,3985293.553,3.985293553,283886777,71.23359252,WWTP
ERR4682835,4619289.803,4.619289803,440818508,95.42993118,WWTP
ERR4682869,3403499.448,3.403499448,142919802,41.99201563,WWTP
ERR8977345,4124829.501,4.124829501,278760286,67.58104449,WWTP
ERR8977360,3141148.104,3.141148104,239420437,76.22067762,WWTP
ERR8977404,4308802.538,4.308802538,153692668,35.66946191,WWTP
ERR8977421,3229685.978,3.229685978,208007958,64.40501009,WWTP
ERR8977433,3545764.539,3.545764539,262660771,74.07733032,WWTP
SRR14932479,3803476.174,3.803476174,242909350,63.86509048,WWTP
SRR14932484,4431732.8,4.4317328,249073150,56.20220379,WWTP
SRR14932485,4391500.722,4.391500722,894057376,203.58812,WWTP
SRR14932486,5174957.649,5.174957649,644905263,124.6203944,WWTP
SRR14932490,4478079.736,4.478079736,236355301,52.78050301,WWTP
SRR14932496,5617263.453,5.617263453,520875278,92.72758565,WWTP
SRR14932505,6253046.921,6.253046921,287997263,46.0571089,WWTP
SRR14932506,5615406.028,5.615406028,315333156,56.15500543,WWTP
SRR14932507,4895568.033,4.895568033,248839261,50.82949707,WWTP
SRR14932508,5062959.27,5.06295927,484390276,95.67335034,WWTP
SRR14932515,4581811.977,4.581811977,400900887,87.49832795,WWTP
SRR14932520,5467167.72,5.46716772,236876338,43.32706625,WWTP
SRR14932523,5038875.369,5.038875369,345607727,68.58826657,WWTP
SRR14932524,5128027.278,5.128027278,311581352,60.76047086,WWTP
SRR14932525,5263922.171,5.263922171,261361854,49.65154224,WWTP
SRR14932530,5012888.845,5.012888845,266332317,53.1295078,WWTP
SRR14932531,5741744.089,5.741744089,297961456,51.89389346,WWTP
SRR14932533,4951237.273,4.951237273,539184588,108.8989596,WWTP
SRR14932541,4892706.109,4.892706109,327204017,66.87587803,WWTP
SRR14932549,4903447.575,4.903447575,334642934,68.24645902,WWTP
SRR14932550,5017343.586,5.017343586,458538335,91.39065866,WWTP
SRR14932552,5924679.414,5.924679414,488982412,82.53314277,WWTP
SRR14932555,4474998.783,4.474998783,228384238,51.03559779,WWTP
SRR14932557,6503596.91,6.50359691,315695462,48.54167108,WWTP
SRR14932560,5315421.918,5.315421918,346276671,65.14566037,WWTP
SRR14932561,4632315.162,4.632315162,264609150,57.1224411,WWTP
SRR14932562,5144296.472,5.144296472,371901700,72.29398656,WWTP
SRR14932567,5682177.854,5.682177854,271152207,47.71976766,WWTP
SRR14932568,5458452.349,5.458452349,337442424,61.82016484,WWTP
SRR14932575,4658954.053,4.658954053,283544065,60.86002604,WWTP
SRR14932576,4829280.31,4.82928031,197272830,40.84932274,WWTP
SRR14932577,4604714.207,4.604714207,283370439,61.53920228,WWTP
SRR14932578,4785251.541,4.785251541,431070963,90.08324,WWTP
SRR14932579,5808413.205,5.808413205,302192499,52.02668755,WWTP
SRR14932580,6218459.52,6.21845952,259143379,41.6732437,WWTP
SRR14932583,5161177.477,5.161177477,407708711,78.9952899,WWTP
SRR14932584,5240581.138,5.240581138,289254048,55.19503283,WWTP
SRR14932585,5031216.878,5.031216878,223164942,44.35605688,WWTP
SRR14932586,5263261.52,5.26326152,285659589,54.27425332,WWTP
SRR14932587,5170710.521,5.170710521,337202981,65.21405127,WWTP
SRR14932588,5853724.489,5.853724489,338803872,57.87834269,WWTP
SRR14932593,4892098.829,4.892098829,419950976,85.84270078,WWTP
SRR14932594,4181559.582,4.181559582,184229663,44.0576439,WWTP
SRR14932595,4828347.465,4.828347465,319088372,66.08645593,WWTP
SRR14932596,5079518.994,5.079518994,361954576,71.2576479,WWTP
SRR14932597,4593363.273,4.593363273,291891855,63.54643376,WWTP
SRR14932604,3888413.177,3.888413177,189343226,48.69421468,WWTP
SRR14932609,5048843.589,5.048843589,843426533,167.053409,WWTP
SRR14932610,4254003.296,4.254003296,119940477,28.19473063,WWTP
SRR14932611,4759056.997,4.759056997,257772473,54.16461143,WWTP
SRR14932612,5207870.032,5.207870032,694947619,133.441813,WWTP
SRR14932613,5144153.041,5.144153041,599566789,116.5530621,WWTP
SRR14932614,4499113.112,4.499113112,645352255,143.4398823,WWTP
SRR14932615,5528127.387,5.528127387,371793618,67.25489338,WWTP
SRR14932616,5401953.405,5.401953405,262339147,48.56375598,WWTP
SRR14932617,4659769.77,4.65976977,262071014,56.24119365,WWTP
SRR14932619,4471918.119,4.471918119,273974409,61.26552449,WWTP
SRR14932620,4637258.958,4.637258958,301624757,65.04375963,WWTP
SRR14932625,4842134.065,4.842134065,337072333,69.61235035,WWTP
SRR14932626,5096582.695,5.096582695,201386030,39.51393356,WWTP
SRR14932629,4596334.567,4.596334567,330215188,71.84315745,WWTP
SRR14932630,4546804.244,4.546804244,309557711,68.08248044,WWTP
SRR14932631,5735127.935,5.735127935,388108275,67.6721216,WWTP
SRR14932635,5545345.49,5.54534549,404445226,72.93417998,WWTP
SRR14932636,4415850.7,4.4158507,358379988,81.15763243,WWTP
SRR14932637,4837846.696,4.837846696,431261982,89.14337496,WWTP
SRR14932638,3832149.054,3.832149054,36093044,9.418486467,WWTP
SRR14932639,4744408.144,4.744408144,610281900,128.6318296,WWTP
SRR14932642,4590921.129,4.590921129,650183157,141.6236826,WWTP
SRR14932645,4231351.446,4.231351446,322604760,76.24154225,WWTP
SRR14932648,4146859.531,4.146859531,189694904,45.74423189,WWTP
SRR14932649,4120552.883,4.120552883,207854048,50.44324243,WWTP
SRR14932650,4032791.058,4.032791058,200273177,49.66118356,WWTP
SRR14932651,4633956.287,4.633956287,333681340,72.00787391,WWTP
SRR14932652,4311507.823,4.311507823,321614564,74.59445216,WWTP
SRR14932655,3931214.879,3.931214879,301387523,76.66523766,WWTP
SRR14932659,4343620.842,4.343620842,226370067,52.11552188,WWTP
SRR14932660,3811556.664,3.811556664,236861774,62.14305463,WWTP
SRR14932661,5055686.901,5.055686901,257183121,50.87006495,WWTP
SRR14932662,3802556.389,3.802556389,167465333,44.04019714,WWTP
SRR14932663,3837947.248,3.837947248,164069125,42.74918711,WWTP
SRR14932664,4013744.649,4.013744649,256800839,63.98036284,WWTP
SRR14932665,4978275.018,4.978275018,706592020,141.9351115,WWTP
SRR14932666,4323609.517,4.323609517,261136892,60.39788999,WWTP
SRR14932671,4357409.233,4.357409233,222708043,51.1101967,WWTP
SRR14932672,4135126.224,4.135126224,309078389,74.74460808,WWTP
SRR14932673,5012335.586,5.012335586,333579277,66.55166464,WWTP
SRR14932674,3746268.507,3.746268507,182683335,48.76407942,WWTP
SRR14932675,5146314.593,5.146314593,302346359,58.75007319,WWTP
SRR14932678,5697372.739,5.697372739,358174464,62.86660193,WWTP
SRR14932679,4465242.895,4.465242895,192901116,43.20058742,WWTP
SRR14932690,5196533.349,5.196533349,418246200,80.48561838,WWTP
SRR14932691,4239881.517,4.239881517,342333039,80.74118054,WWTP
SRR14932692,4614613.099,4.614613099,425782175,92.26822832,WWTP
SRR14932693,4808084.902,4.808084902,327590636,68.13328855,WWTP
SRR14932695,3330612.945,3.330612945,156426699,46.9663397,WWTP
SRR14932697,4385727.26,4.38572726,246338786,56.16828667,WWTP
SRR14932698,4660430.601,4.660430601,248013931,53.21695616,WWTP
SRR14932699,4494460.002,4.494460002,246397125,54.82240912,WWTP
SRR14932700,3904822.017,3.904822017,243403206,62.33400778,WWTP
SRR14932701,4716863.251,4.716863251,344895833,73.11974392,WWTP
SRR14932702,3893755.442,3.893755442,205889851,52.87693438,WWTP
